【合租】天通苑 丽水园 3室次卧,丽水园,2780,http://bj.58.com/pinpaigongyu/29474579051458x.shtml
【合租】四惠 东恒时代一期 4室主卧,东恒时代一期,2340,http://bj.58.com/pinpaigongyu/29627062245435x.shtml
【合租】上地 当代城市家园 3室主卧,当代城市家园,2490,http://bj.58.com/pinpaigongyu/29574084900791x.shtml
【合租】回龙观 龙博苑一区 3室次卧,龙博苑一区,1560,http://bj.58.com/pinpaigongyu/29580760638920x.shtml
【合租】上地 上地佳园 3室次卧,上地佳园,2080,http://bj.58.com/pinpaigongyu/29724860606900x.shtml
【合租】回龙观 龙跃苑东五区 3室主卧,龙跃苑东五区,1760,http://bj.58.com/pinpaigongyu/29703186722880x.shtml
【合租】四惠 通惠家园惠民园 3室次卧,通惠家园惠民园,2300,http://bj.58.com/pinpaigongyu/29670919929782x.shtml
【合租】劲松 华腾园 4室次卧,华腾园,2390,http://bj.58.com/pinpaigongyu/29625263918916x.shtml
【合租】十里堡 十里堡北里 3室主卧,十里堡北里,2350,http://bj.58.com/pinpaigongyu/29473685087430x.shtml
【合租】赵公口 慧时欣园 3室次卧,慧时欣园,1950,http://bj.58.com/pinpaigongyu/29727499575873x.shtml
【合租】九棵树 K2玉兰湾 6室次卧,K2玉兰湾,1600,http://bj.58.com/pinpaigongyu/29625012648518x.shtml
【合租】西二旗 融泽嘉园8号院 3室次卧,融泽嘉园8号院,1780,http://bj.58.com/pinpaigongyu/29657921669036x.shtml
【合租】龙泽 融泽嘉园6号院 3室主卧,融泽嘉园6号院,2380,http://bj.58.com/pinpaigongyu/29727345258830x.shtml
【合租】梨园 小街之春嘉园 4室次卧,小街之春嘉园,1350,http://bj.58.com/pinpaigongyu/29668826321225x.shtml
【合租】西北旺 大牛坊一期 3室主卧,大牛坊一期,1700,http://bj.58.com/pinpaigongyu/29646986340033x.shtml
【合租】西二旗 领秀新硅谷C区 5室主卧,领秀新硅谷C区,3190,http://bj.58.com/pinpaigongyu/29737263899087x.shtml
【合租】亚运村 嘉铭桐城C区 3室主卧,嘉铭桐城C区,2600,http://bj.58.com/pinpaigongyu/29729278124851x.shtml
【合租】土桥 迎喜家园 4室次卧,迎喜家园,1250,http://bj.58.com/pinpaigongyu/29669659674431x.shtml
【合租】东坝 金隅汇景苑 3室主卧,金隅汇景苑,1590,http://bj.58.com/pinpaigongyu/29660559411658x.shtml
【合租】九棵树 K2玉兰湾 5室主卧,K2玉兰湾,2450,http://bj.58.com/pinpaigongyu/29635969983407x.shtml
【合租】回龙观 龙跃苑东五区 3室主卧,龙跃苑东五区,1760,http://bj.58.com/pinpaigongyu/29703186722880x.shtml
【合租】四惠 通惠家园惠民园 3室次卧,通惠家园惠民园,2300,http://bj.58.com/pinpaigongyu/29670919929782x.shtml
【合租】劲松 华腾园 4室次卧,华腾园,2390,http://bj.58.com/pinpaigongyu/29625263918916x.shtml
【合租】十里堡 十里堡北里 3室主卧,十里堡北里,2350,http://bj.58.com/pinpaigongyu/29473685087430x.shtml
【合租】赵公口 慧时欣园 3室次卧,慧时欣园,1950,http://bj.58.com/pinpaigongyu/29727499575873x.shtml
【合租】回龙观 紫金新干线四区 3室次卧,紫金新干线四区,1555,http://bj.58.com/pinpaigongyu/29580460503350x.shtml
【合租】回龙观 紫金新干线四区 3室主卧,紫金新干线四区,1890,http://bj.58.com/pinpaigongyu/29671246268604x.shtml
【合租】望京 方舟苑 3室次卧,方舟苑,1990,http://bj.58.com/pinpaigongyu/29439978399816x.shtml
【合租】龙泽 新龙城 3室主卧,新龙城,1860,http://bj.58.com/pinpaigongyu/29735238916287x.shtml
【合租】常营 连心园 3室次卧,连心园,2150,http://bj.58.com/pinpaigongyu/29474193483706x.shtml
【合租】龙泽 融泽嘉园2号院 3室次卧,融泽嘉园2号院,1880,http://bj.58.com/pinpaigongyu/29613595765560x.shtml
【合租】西二旗 融泽嘉园8号院 3室次卧,融泽嘉园8号院,2080,http://bj.58.com/pinpaigongyu/29723859049259x.shtml
【合租】龙泽 融泽嘉园一号院 3室次卧,融泽嘉园一号院,1780,http://bj.58.com/pinpaigongyu/29619352096446x.shtml
【合租】西北旺 大牛坊二期 3室主卧,大牛坊二期,1500,http://bj.58.com/pinpaigongyu/29627189599304x.shtml
【合租】物资学院路 慧合公寓 1室主卧,【合租】物资学院路,2060,http://bj.58.com/pinpaigongyu/29617619424557x.shtml
【合租】龙泽 融泽嘉园6号院 3室次卧,融泽嘉园6号院,1880,http://bj.58.com/pinpaigongyu/29617950997061x.shtml
【合租】九棵树 K2玉兰湾 6室次卧,K2玉兰湾,2000,http://bj.58.com/pinpaigongyu/29359734640051x.shtml
【合租】亚运村 嘉铭桐城C区 3室主卧,嘉铭桐城C区,2600,http://bj.58.com/pinpaigongyu/29729278124851x.shtml
【合租】龙泽 融泽嘉园一号院 3室主卧,融泽嘉园一号院,2180,http://bj.58.com/pinpaigongyu/29635380594100x.shtml
【合租】龙泽 融泽嘉园一号院 2室次卧,融泽嘉园一号院,1880,http://bj.58.com/pinpaigongyu/29714229835434x.shtml
【合租】望京 方舟苑 3室次卧,方舟苑,1990,http://bj.58.com/pinpaigongyu/29439978399816x.shtml
【合租】龙泽 新龙城 3室主卧,新龙城,1860,http://bj.58.com/pinpaigongyu/29735238916287x.shtml
【合租】常营 连心园 3室次卧,连心园,2150,http://bj.58.com/pinpaigongyu/29474193483706x.shtml
【合租】惠新西街 惠新西街33号院 4室次卧,惠新西街33号院,2390,http://bj.58.com/pinpaigongyu/29627459887301x.shtml
【合租】回龙观 南店新村 3室次卧,南店新村,1980,http://bj.58.com/pinpaigongyu/29703127217484x.shtml
【合租】回龙观 紫金新干线四区 3室次卧,紫金新干线四区,1599,http://bj.58.com/pinpaigongyu/29580477310027x.shtml
【合租】天竺 天竺花园天祥园 4室主卧,天竺花园天祥园,2400,http://bj.58.com/pinpaigongyu/29669550923710x.shtml
【合租】天通苑 天通苑北二区 3室主卧,天通苑北二区,2690,http://bj.58.com/pinpaigongyu/29705336071479x.shtml
【合租】回龙观 龙锦苑二区 3室主卧,龙锦苑二区,2580,http://bj.58.com/pinpaigongyu/29541319989068x.shtml
【合租】惠新西街 千鹤家园 3室次卧,千鹤家园,22290,http://bj.58.com/pinpaigongyu/29627327092527x.shtml
【合租】龙泽 融泽嘉园一号院 2室次卧,融泽嘉园一号院,1880,http://bj.58.com/pinpaigongyu/29714229835434x.shtml
【合租】土桥 迎喜家园 4室次卧,迎喜家园,1250,http://bj.58.com/pinpaigongyu/29669659674431x.shtml
【合租】东坝 金隅汇景苑 3室主卧,金隅汇景苑,1590,http://bj.58.com/pinpaigongyu/29660559411658x.shtml
【合租】九棵树 K2玉兰湾 5室主卧,K2玉兰湾,2450,http://bj.58.com/pinpaigongyu/29635969983407x.shtml
【合租】四惠 观音惠园 3室主卧,观音惠园,2200,http://bj.58.com/pinpaigongyu/29746677684139x.shtml
【合租】土桥 土桥puls 3室次卧,土桥puls,1600,http://bj.58.com/pinpaigongyu/29615987108816x.shtml
【合租】龙泽 融泽嘉园2号院 3室次卧,融泽嘉园2号院,1780,http://bj.58.com/pinpaigongyu/29619441311532x.shtml
【合租】东坝 金隅汇景苑 3室主卧,金隅汇景苑,1650,http://bj.58.com/pinpaigongyu/29648233761609x.shtml
【合租】西二旗 融泽嘉园8号院 2室主卧,融泽嘉园8号院,1880,http://bj.58.com/pinpaigongyu/29648685778767x.shtml
【合租】亚运村小营 嘉铭园 4室主卧,嘉铭园,2250,http://bj.58.com/pinpaigongyu/29406833171013x.shtml
【合租】天通苑 天通苑北二区 3室主卧,天通苑北二区,2690,http://bj.58.com/pinpaigongyu/29705336071479x.shtml
【合租】回龙观 龙锦苑二区 3室主卧,龙锦苑二区,2580,http://bj.58.com/pinpaigongyu/29541319989068x.shtml
【合租】惠新西街 千鹤家园 3室次卧,千鹤家园,22290,http://bj.58.com/pinpaigongyu/29627327092527x.shtml
【合租】四惠 兴隆家园三期 4室主卧,兴隆家园三期,2160,http://bj.58.com/pinpaigongyu/29340414150582x.shtml
【合租】酒仙桥 东风家园 3室主卧,东风家园,1950,http://bj.58.com/pinpaigongyu/29748547486513x.shtml
【合租】回龙观 回龙观新村中区 3室次卧,回龙观新村中区,2430,http://bj.58.com/pinpaigongyu/29693410947778x.shtml
【合租】霍营 紫金新干线 3室主卧,紫金新干线,2060,http://bj.58.com/pinpaigongyu/29714558661674x.shtml
【合租】东直门 民安小区 3室次卧,民安小区,3200,http://bj.58.com/pinpaigongyu/29294995418934x.shtml
【合租】宣武周边 莲花河胡同2号院 3室主卧,莲花河胡同2号院,3500,http://bj.58.com/pinpaigongyu/29749355448372x.shtml
【合租】垡头 华侨城 3室次卧,华侨城,2380,http://bj.58.com/pinpaigongyu/29615930988993x.shtml
【合租】西二旗 融泽嘉园8号院 2室主卧,融泽嘉园8号院,1880,http://bj.58.com/pinpaigongyu/29648685778767x.shtml
【合租】亚运村小营 嘉铭园 4室主卧,嘉铭园,2250,http://bj.58.com/pinpaigongyu/29406833171013x.shtml
【合租】龙泽 融泽嘉园一号院 1室主卧,融泽嘉园一号院,2080,http://bj.58.com/pinpaigongyu/29558374433723x.shtml
【合租】东坝 金隅汇景苑 3室次卧,金隅汇景苑,1880,http://bj.58.com/pinpaigongyu/29561978877000x.shtml
【合租】亚运村小营 嘉铭桐城B区 2室主卧,嘉铭桐城B区,3800,http://bj.58.com/pinpaigongyu/29505261841483x.shtml
【合租】梨园 新通国际花园 4室主卧,新通国际花园,1950,http://bj.58.com/pinpaigongyu/29747031763399x.shtml
【合租】芍药居 芍药居北里一区 3室主卧,芍药居北里一区,3200,http://bj.58.com/pinpaigongyu/29572377309373x.shtml
【合租】龙泽 融泽嘉园6号院 2室次卧,融泽嘉园6号院,1980,http://bj.58.com/pinpaigongyu/29704507502890x.shtml
【合租】北苑 望春园 3室次卧,望春园,2300,http://bj.58.com/pinpaigongyu/29618475215417x.shtml
【合租】北苑 来春园 3室次卧,来春园,1900,http://bj.58.com/pinpaigongyu/29638891365952x.shtml
【合租】垡头 华侨城 3室次卧,华侨城,2380,http://bj.58.com/pinpaigongyu/29615930988993x.shtml
【合租】回龙观 紫金新干线四区 3室次卧,紫金新干线四区,1600,http://bj.58.com/pinpaigongyu/29602844376905x.shtml
【合租】回龙观 龙跃苑东四区 3室主卧,龙跃苑东四区,2799,http://bj.58.com/pinpaigongyu/29726750117822x.shtml
【合租】望京 望京西园一区 5室次卧,望京西园一区,2890,http://bj.58.com/pinpaigongyu/29572488513087x.shtml
【合租】劲松 农光里小区 3室主卧,农光里小区,2190,http://bj.58.com/pinpaigongyu/29319883739198x.shtml
【合租】西二旗 西二旗小区 3室主卧,西二旗小区,2080,http://bj.58.com/pinpaigongyu/29669850005807x.shtml
【合租】赵公口 慧时欣园 4室次卧,慧时欣园,3100,http://bj.58.com/pinpaigongyu/29474761713705x.shtml
【合租】劲松 农光里小区 3室次卧,农光里小区,2260,http://bj.58.com/pinpaigongyu/29625292575020x.shtml
【合租】回龙观 良庄家园 3室主卧,良庄家园,1999,http://bj.58.com/pinpaigongyu/29649699393097x.shtml
【合租】霍营 紫金新干线四区 3室次卧,紫金新干线四区,1566,http://bj.58.com/pinpaigongyu/29659403260872x.shtml
【合租】梨园 新通国际花园 4室主卧,新通国际花园,1950,http://bj.58.com/pinpaigongyu/29747031763399x.shtml
【合租】芍药居 芍药居北里一区 3室主卧,芍药居北里一区,3200,http://bj.58.com/pinpaigongyu/29572377309373x.shtml
【合租】龙泽 融泽嘉园6号院 2室次卧,融泽嘉园6号院,1980,http://bj.58.com/pinpaigongyu/29704507502890x.shtml
【合租】北苑 望春园 3室次卧,望春园,2300,http://bj.58.com/pinpaigongyu/29618475215417x.shtml
【合租】北苑 来春园 3室次卧,来春园,1900,http://bj.58.com/pinpaigongyu/29638891365952x.shtml
【合租】亦庄 南海家园六里 3室主卧,南海家园六里,1600,http://bj.58.com/pinpaigongyu/29691337479485x.shtml
【合租】亚运村 安慧北里秀园 3室主卧,安慧北里秀园,2300,http://bj.58.com/pinpaigongyu/29658664494527x.shtml
【合租】玉桥 葛布店南里 4室次卧,葛布店南里,1450,http://bj.58.com/pinpaigongyu/29646862510007x.shtml
【合租】劲松 农光南里 3室次卧,农光南里,2150,http://bj.58.com/pinpaigongyu/29694684226885x.shtml
【合租】西北旺 大牛坊一期 3室主卧,大牛坊一期,1700,http://bj.58.com/pinpaigongyu/29639009185095x.shtml
【合租】回龙观 龙腾苑二区 4室次卧,龙腾苑二区,2250,http://bj.58.com/pinpaigongyu/29129731897778x.shtml
【合租】四惠 东恒时代三期 4室次卧,东恒时代三期,3160,http://bj.58.com/pinpaigongyu/29186316293949x.shtml
【合租】沙河 兆丰家园东区 2室主卧,兆丰家园东区,1260,http://bj.58.com/pinpaigongyu/29705064401836x.shtml
【合租】天通苑 天通苑北三区 3室次卧,天通苑北三区,1950,http://bj.58.com/pinpaigongyu/29704829091791x.shtml
【合租】国展 静安里小区 3室主卧,静安里小区,2360,http://bj.58.com/pinpaigongyu/29574002197945x.shtml
【合租】新国展 满庭芳嘉园(裕安 4室次卧,满庭芳嘉园(裕安,1950,http://bj.58.com/pinpaigongyu/29284287920846x.shtml
【合租】回龙观 良庄家园 3室主卧,良庄家园,1999,http://bj.58.com/pinpaigongyu/29625229770429x.shtml
【合租】立水桥 明天第一城7号院 3室次卧,明天第一城7号院,2290,http://bj.58.com/pinpaigongyu/29340186958928x.shtml
【合租】常营 常营民族家园 4室主卧,常营民族家园,2560,http://bj.58.com/pinpaigongyu/29459382473657x.shtml
【合租】上地 上地佳园 3室次卧,上地佳园,2150,http://bj.58.com/pinpaigongyu/29669495702087x.shtml
【合租】北苑 望春园 3室次卧,望春园,2300,http://bj.58.com/pinpaigongyu/29618475215417x.shtml
【合租】北苑 来春园 3室次卧,来春园,1900,http://bj.58.com/pinpaigongyu/29638891365952x.shtml
【合租】亦庄 南海家园六里 3室主卧,南海家园六里,1600,http://bj.58.com/pinpaigongyu/29691337479485x.shtml
【合租】亚运村 安慧北里秀园 3室主卧,安慧北里秀园,2300,http://bj.58.com/pinpaigongyu/29658664494527x.shtml
【合租】玉桥 葛布店南里 4室次卧,葛布店南里,1450,http://bj.58.com/pinpaigongyu/29646862510007x.shtml
【合租】劲松 农光南里 3室次卧,农光南里,2150,http://bj.58.com/pinpaigongyu/29694684226885x.shtml
【合租】西北旺 大牛坊一期 3室主卧,大牛坊一期,1700,http://bj.58.com/pinpaigongyu/29639009185095x.shtml
【合租】朝青板块 珠江罗马嘉园二期 3室主卧,珠江罗马嘉园二期,2120,http://bj.58.com/pinpaigongyu/29558990354381x.shtml
【合租】龙泽 融泽嘉园2号院 3室主卧,融泽嘉园2号院,2280,http://bj.58.com/pinpaigongyu/29458573717067x.shtml
【合租】西二旗 融泽嘉园8号院 3室次卧,融泽嘉园8号院,1880,http://bj.58.com/pinpaigongyu/29725283363661x.shtml
【合租】上地 上地佳园 3室次卧,上地佳园,2150,http://bj.58.com/pinpaigongyu/29669495702087x.shtml
【合租】常营 保利嘉园 3室次卧,保利嘉园,2450,http://bj.58.com/pinpaigongyu/29261682763059x.shtml
【合租】天通苑 天通苑东二区 3室次卧,天通苑东二区,1990,http://bj.58.com/pinpaigongyu/29682489834553x.shtml
【合租】新国展 满庭芳嘉园(裕安 4室次卧,满庭芳嘉园(裕安,1680,http://bj.58.com/pinpaigongyu/29284228622661x.shtml
【合租】劲松 农光里小区 3室主卧,农光里小区,2390,http://bj.58.com/pinpaigongyu/29319896866766x.shtml
【合租】回龙观 回龙观新村西区 3室次卧,回龙观新村西区,2650,http://bj.58.com/pinpaigongyu/29129693189052x.shtml
【合租】回龙观 紫金新干线二期 5室主卧,紫金新干线二期,2490,http://bj.58.com/pinpaigongyu/29129710306613x.shtml
【合租】龙泽 龙博苑一区 3室主卧,龙博苑一区,2299,http://bj.58.com/pinpaigongyu/29449632348845x.shtml
【合租】北苑 北苑3号院 3室次卧,北苑3号院,2680,http://bj.58.com/pinpaigongyu/29152813134124x.shtml
【合租】回龙观 回龙观新村东区 3室主卧,回龙观新村东区,2090,http://bj.58.com/pinpaigongyu/29473658072764x.shtml
【合租】双桥 金隅康惠园 3室主卧,金隅康惠园,1750,http://bj.58.com/pinpaigongyu/29528619221176x.shtml
【合租】东坝 金隅汇景苑 3室主卧,金隅汇景苑,1650,http://bj.58.com/pinpaigongyu/29648233761609x.shtml
【合租】肖家河 肖家河回迁住宅( 3室主卧,肖家河回迁住宅(,2400,http://bj.58.com/pinpaigongyu/29481877964983x.shtml
【合租】芍药居 芍药居北里小区 4室主卧,芍药居北里小区,3900,http://bj.58.com/pinpaigongyu/29439960021327x.shtml
【合租】西二旗 融泽嘉园8号院 2室主卧,融泽嘉园8号院,1880,http://bj.58.com/pinpaigongyu/29648685778767x.shtml
【合租】亚运村小营 嘉铭园 4室主卧,嘉铭园,2250,http://bj.58.com/pinpaigongyu/29406833171013x.shtml
【合租】龙泽 融泽嘉园一号院 1室主卧,融泽嘉园一号院,2080,http://bj.58.com/pinpaigongyu/29558374433723x.shtml
【合租】东坝 金隅汇景苑 3室次卧,金隅汇景苑,1880,http://bj.58.com/pinpaigongyu/29561978877000x.shtml
【合租】亚运村小营 嘉铭桐城B区 2室主卧,嘉铭桐城B区,3800,http://bj.58.com/pinpaigongyu/29505261841483x.shtml
【合租】北苑 北苑绣菊园南区 4室次卧,北苑绣菊园南区,1500,http://bj.58.com/pinpaigongyu/29406354035255x.shtml
【合租】大望路 风度柏林 3室主卧,风度柏林,1990,http://bj.58.com/pinpaigongyu/29683463029965x.shtml
【合租】马家堡 星河苑1号院 3室次卧,星河苑1号院,1930,http://bj.58.com/pinpaigongyu/29727978573758x.shtml
【合租】上地 上地佳园 3室次卧,上地佳园,2300,http://bj.58.com/pinpaigongyu/29669355618127x.shtml
【合租】回龙观 紫金新干线四区 3室主卧,紫金新干线四区,1680,http://bj.58.com/pinpaigongyu/29624577749299x.shtml
【合租】望京 望花路西里社区 3室主卧,望花路西里社区,2590,http://bj.58.com/pinpaigongyu/29573999918009x.shtml
【合租】亚运村小营 盛和家园 3室次卧,盛和家园,3490,http://bj.58.com/pinpaigongyu/29481526805200x.shtml
【合租】成寿寺 中海城圣朝菲 6室主卧,中海城圣朝菲,2890,http://bj.58.com/pinpaigongyu/29459652709840x.shtml
【合租】高碑店 北花园 3室主卧,北花园,1850,http://bj.58.com/pinpaigongyu/29717817696972x.shtml
【合租】定福庄 福怡苑北区 3室主卧,福怡苑北区,1650,http://bj.58.com/pinpaigongyu/29748189244716x.shtml
【合租】回龙观 龙跃苑东五区 3室主卧,龙跃苑东五区,1860,http://bj.58.com/pinpaigongyu/29646628841141x.shtml
【合租】肖家河 肖家河回迁住宅( 3室主卧,肖家河回迁住宅(,2400,http://bj.58.com/pinpaigongyu/29481877964983x.shtml
【合租】柳芳 柳芳北里社区 4室次卧,柳芳北里社区,2300,http://bj.58.com/pinpaigongyu/29417598620079x.shtml
【合租】芍药居 芍药居北里小区 4室主卧,芍药居北里小区,3900,http://bj.58.com/pinpaigongyu/29439960021327x.shtml
【合租】西二旗 融泽嘉园8号院 2室主卧,融泽嘉园8号院,1880,http://bj.58.com/pinpaigongyu/29648685778767x.shtml
【合租】龙泽 融泽嘉园2号院 3室次卧,融泽嘉园2号院,2280,http://bj.58.com/pinpaigongyu/29341527568060x.shtml
【合租】亚运村小营 嘉铭园 4室主卧,嘉铭园,2250,http://bj.58.com/pinpaigongyu/29406833171013x.shtml
【合租】龙泽 融泽嘉园一号院 1室主卧,融泽嘉园一号院,2080,http://bj.58.com/pinpaigongyu/29558374433723x.shtml
【合租】东坝 金隅汇景苑 3室次卧,金隅汇景苑,1880,http://bj.58.com/pinpaigongyu/29561978877000x.shtml
【合租】亚运村小营 嘉铭桐城B区 2室主卧,嘉铭桐城B区,3800,http://bj.58.com/pinpaigongyu/29505261841483x.shtml
【合租】北苑 北苑绣菊园南区 4室次卧,北苑绣菊园南区,1500,http://bj.58.com/pinpaigongyu/29406354035255x.shtml
【合租】回龙观 龙跃苑东五区 3室主卧,龙跃苑东五区,1860,http://bj.58.com/pinpaigongyu/29646628841141x.shtml
【合租】天通苑 天通苑西三区 3室次卧,天通苑西三区,2460,http://bj.58.com/pinpaigongyu/29724947386829x.shtml
【合租】望京 望京西园三区 3室主卧,望京西园三区,2000,http://bj.58.com/pinpaigongyu/29683044315215x.shtml
【合租】安贞 樱花园小区 3室主卧,樱花园小区,2660,http://bj.58.com/pinpaigongyu/29572343731007x.shtml
【合租】望京 望京新城 3室主卧,望京新城,3590,http://bj.58.com/pinpaigongyu/29340372056527x.shtml
【合租】欢乐谷 紫南家园北区 3室次卧,紫南家园北区,2360,http://bj.58.com/pinpaigongyu/29615885423046x.shtml
【合租】百子湾 金泰先锋 3室主卧,金泰先锋,2090,http://bj.58.com/pinpaigongyu/29617563322293x.shtml
【合租】霍营 龙锦苑东四区 3室主卧,龙锦苑东四区,1699,http://bj.58.com/pinpaigongyu/29661852589761x.shtml
【合租】四惠 圣华原 3室次卧,圣华原,1990,http://bj.58.com/pinpaigongyu/29626943753139x.shtml
【合租】朝阳门 东门仓胡同甲3号 3室次卧,东门仓胡同甲3号,3100,http://bj.58.com/pinpaigongyu/29415675392840x.shtml
【合租】马连洼 永丰嘉园 4室主卧,永丰嘉园,2590,http://bj.58.com/pinpaigongyu/29469929989052x.shtml
【合租】龙泽 融泽嘉园2号院 3室次卧,融泽嘉园2号院,1780,http://bj.58.com/pinpaigongyu/29619441311532x.shtml
【合租】龙泽 融泽嘉园2号院 3室次卧,融泽嘉园2号院,2280,http://bj.58.com/pinpaigongyu/29316163912111x.shtml
【合租】肖家河 肖家河回迁住宅( 3室次卧,肖家河回迁住宅(,2300,http://bj.58.com/pinpaigongyu/29252782728641x.shtml
【合租】西二旗 融泽嘉园8号院 3室次卧,融泽嘉园8号院,2380,http://bj.58.com/pinpaigongyu/29447723854791x.shtml
【合租】梨园 华业东方玫瑰 2室次卧,华业东方玫瑰,1650,http://bj.58.com/pinpaigongyu/29383333358125x.shtml
【合租】西北旺 大牛坊一期 3室主卧,大牛坊一期,1890,http://bj.58.com/pinpaigongyu/29461946598466x.shtml
【合租】双桥 金隅康惠园 3室主卧,金隅康惠园,1750,http://bj.58.com/pinpaigongyu/29528619221176x.shtml
【合租】东坝 金隅汇景苑 3室主卧,金隅汇景苑,1650,http://bj.58.com/pinpaigongyu/29648233761609x.shtml
【合租】西北旺 大牛坊 3室主卧,大牛坊,1500,http://bj.58.com/pinpaigongyu/29325289721673x.shtml
【合租】沙河 兆丰家园东区 3室主卧,兆丰家园东区,1260,http://bj.58.com/pinpaigongyu/29713664162375x.shtml
【合租】定福庄 管庄新村 3室次卧,管庄新村,2090,http://bj.58.com/pinpaigongyu/29340073803701x.shtml
【合租】常营 新建村 3室次卧,新建村,1750,http://bj.58.com/pinpaigongyu/29296236726079x.shtml
【合租】常营 ** 3室次卧,**,2250,http://bj.58.com/pinpaigongyu/29459730075715x.shtml
【合租】团结湖 华阳家园 3室次卧,华阳家园,4200,http://bj.58.com/pinpaigongyu/29448960826574x.shtml
【合租】物资学院路 新建村 3室次卧,新建村,1960,http://bj.58.com/pinpaigongyu/29294515091646x.shtml
【合租】物资学院路 新建村 3室主卧,新建村,1960,http://bj.58.com/pinpaigongyu/29747037930283x.shtml
【合租】霍营 紫金新干线四区 3室次卧,紫金新干线四区,1550,http://bj.58.com/pinpaigongyu/29602872964040x.shtml
【合租】方庄 芳城园一区 3室主卧,芳城园一区,2199,http://bj.58.com/pinpaigongyu/29474422282281x.shtml
【合租】定福庄 定福家园 3室次卧,定福家园,3080,http://bj.58.com/pinpaigongyu/29250675025860x.shtml
【合租】双桥 金隅康惠园 3室主卧,金隅康惠园,1750,http://bj.58.com/pinpaigongyu/29528619221176x.shtml
【合租】东坝 金隅汇景苑 3室主卧,金隅汇景苑,1650,http://bj.58.com/pinpaigongyu/29648233761609x.shtml
【合租】西北旺 大牛坊 3室主卧,大牛坊,1500,http://bj.58.com/pinpaigongyu/29325289721673x.shtml
【合租】西北旺 大牛坊二期 3室主卧,大牛坊二期,1990,http://bj.58.com/pinpaigongyu/29293293613742x.shtml
【合租】肖家河 肖家河回迁住宅( 3室主卧,肖家河回迁住宅(,2400,http://bj.58.com/pinpaigongyu/29481877964983x.shtml
【合租】柳芳 柳芳北里社区 4室次卧,柳芳北里社区,2300,http://bj.58.com/pinpaigongyu/29417598620079x.shtml
【合租】物资学院路 慧合公寓 3室主卧,【合租】物资学院路,1960,http://bj.58.com/pinpaigongyu/29138861334480x.shtml
【合租】物资学院路 慧合公寓 3室主卧,【合租】物资学院路,2060,http://bj.58.com/pinpaigongyu/29183314937282x.shtml
【合租】龙泽 融泽嘉园6号院 3室主卧,融泽嘉园6号院,2380,http://bj.58.com/pinpaigongyu/29336752896310x.shtml
【合租】芍药居 芍药居北里小区 4室主卧,芍药居北里小区,3900,http://bj.58.com/pinpaigongyu/29439960021327x.shtml
【合租】物资学院路 新建村 3室主卧,新建村,1960,http://bj.58.com/pinpaigongyu/29747037930283x.shtml
【合租】霍营 紫金新干线四区 3室次卧,紫金新干线四区,1550,http://bj.58.com/pinpaigongyu/29602872964040x.shtml
【合租】方庄 芳城园一区 3室主卧,芳城园一区,2199,http://bj.58.com/pinpaigongyu/29474422282281x.shtml
【合租】定福庄 定福家园 3室次卧,定福家园,3080,http://bj.58.com/pinpaigongyu/29250675025860x.shtml
【合租】上地 上地佳园 3室主卧,上地佳园,2590,http://bj.58.com/pinpaigongyu/29704789381432x.shtml
【合租】朝青板块 朝阳雅筑 3室次卧,朝阳雅筑,3090,http://bj.58.com/pinpaigongyu/29459378345663x.shtml
【合租】回龙观 紫金新干线四区 3室主卧,紫金新干线四区,1799,http://bj.58.com/pinpaigongyu/29661643983819x.shtml
【合租】常营 常营民族家园N区 2室主卧,常营民族家园N区,2300,http://bj.58.com/pinpaigongyu/29416805409834x.shtml
【合租】望京 花家地南里 3室主卧,花家地南里,2460,http://bj.58.com/pinpaigongyu/29393738890189x.shtml
【合租】天通苑 天通苑西三区 3室主卧,天通苑西三区,2860,http://bj.58.com/pinpaigongyu/29724945901512x.shtml
【合租】西北旺 大牛坊 3室主卧,大牛坊,1500,http://bj.58.com/pinpaigongyu/29325289721673x.shtml
【合租】西北旺 大牛坊二期 3室主卧,大牛坊二期,1990,http://bj.58.com/pinpaigongyu/29293293613742x.shtml
【合租】肖家河 肖家河回迁住宅( 3室主卧,肖家河回迁住宅(,2400,http://bj.58.com/pinpaigongyu/29481877964983x.shtml
【合租】柳芳 柳芳北里社区 4室次卧,柳芳北里社区,2300,http://bj.58.com/pinpaigongyu/29417598620079x.shtml
【合租】物资学院路 慧合公寓 3室主卧,【合租】物资学院路,1960,http://bj.58.com/pinpaigongyu/29138861334480x.shtml
【合租】物资学院路 慧合公寓 3室主卧,【合租】物资学院路,2060,http://bj.58.com/pinpaigongyu/29183314937282x.shtml
【合租】龙泽 融泽嘉园6号院 3室主卧,融泽嘉园6号院,2380,http://bj.58.com/pinpaigongyu/29336752896310x.shtml
【合租】芍药居 芍药居北里小区 4室主卧,芍药居北里小区,3900,http://bj.58.com/pinpaigongyu/29439960021327x.shtml
【合租】西二旗 融泽嘉园8号院 2室主卧,融泽嘉园8号院,1880,http://bj.58.com/pinpaigongyu/29648685778767x.shtml
【合租】龙泽 融泽嘉园2号院 3室次卧,融泽嘉园2号院,2280,http://bj.58.com/pinpaigongyu/29341527568060x.shtml
【合租】回龙观 紫金新干线四区 3室主卧,紫金新干线四区,1890,http://bj.58.com/pinpaigongyu/29715509022505x.shtml
【合租】常营 连心园 3室主卧,连心园,2490,http://bj.58.com/pinpaigongyu/29319675271754x.shtml
【合租】回龙观 新龙城 3室主卧,新龙城,1788,http://bj.58.com/pinpaigongyu/29750729412293x.shtml
【合租】沙河 兆丰家园东区 2室主卧,兆丰家园东区,1299,http://bj.58.com/pinpaigongyu/29705514381131x.shtml
【合租】霍营 紫金新干线 3室主卧,紫金新干线,1960,http://bj.58.com/pinpaigongyu/29746905463757x.shtml
【合租】回龙观 龙腾苑五区 3室主卧,龙腾苑五区,2160,http://bj.58.com/pinpaigongyu/29251392235451x.shtml
【合租】回龙观 龙跃苑东四区 3室主卧,龙跃苑东四区,2080,http://bj.58.com/pinpaigongyu/29252791797567x.shtml
【合租】方庄 方庄南路18号院 3室主卧,方庄南路18号院,2300,http://bj.58.com/pinpaigongyu/29671368372028x.shtml
【合租】酒仙桥 驼房营南里 3室主卧,驼房营南里,1990,http://bj.58.com/pinpaigongyu/29683842500814x.shtml
【合租】回龙观 龙腾苑五区 3室次卧,龙腾苑五区,2200,http://bj.58.com/pinpaigongyu/29242328107831x.shtml
【合租】西二旗 融泽嘉园8号院 3室次卧,融泽嘉园8号院,1980,http://bj.58.com/pinpaigongyu/28497601123132x.shtml
【合租】梨园 华业东方玫瑰 3室次卧,华业东方玫瑰,1630,http://bj.58.com/pinpaigongyu/29459186735820x.shtml
【合租】梨园 新通国际花园 4室主卧,新通国际花园,1950,http://bj.58.com/pinpaigongyu/29747031763399x.shtml
【合租】芍药居 芍药居北里一区 3室主卧,芍药居北里一区,3200,http://bj.58.com/pinpaigongyu/29572377309373x.shtml
【合租】龙泽 融泽嘉园6号院 2室次卧,融泽嘉园6号院,1980,http://bj.58.com/pinpaigongyu/29704507502890x.shtml
【合租】西北旺 大牛坊 3室主卧,大牛坊,1890,http://bj.58.com/pinpaigongyu/29177225772969x.shtml
【合租】西二旗 融泽嘉园8号院 3室主卧,融泽嘉园8号院,2380,http://bj.58.com/pinpaigongyu/29437160137131x.shtml
【合租】肖家河 肖家河回迁住宅( 3室次卧,肖家河回迁住宅(,2190,http://bj.58.com/pinpaigongyu/29417099205837x.shtml
【合租】西二旗 融泽嘉园8号院 3室次卧,融泽嘉园8号院,1880,http://bj.58.com/pinpaigongyu/29407842052398x.shtml
【合租】龙泽 融泽嘉园6号院 3室次卧,融泽嘉园6号院,2280,http://bj.58.com/pinpaigongyu/29359051199302x.shtml
【合租】回龙观 龙锦苑东二区 3室主卧,龙锦苑东二区,1760,http://bj.58.com/pinpaigongyu/29559996766387x.shtml
【合租】劲松 华腾园 4室主卧,华腾园,3700,http://bj.58.com/pinpaigongyu/29393754660662x.shtml
【合租】望京 望京花园 3室次卧,望京花园,2350,http://bj.58.com/pinpaigongyu/29474829648958x.shtml
【合租】朝青板块 远洋天地二期 4室次卧,远洋天地二期,3590,http://bj.58.com/pinpaigongyu/29294225855547x.shtml
【合租】望京 望京西园一区 4室次卧,望京西园一区,2550,http://bj.58.com/pinpaigongyu/29459551075912x.shtml
【合租】北新桥 国子监街 3室次卧,国子监街,3180,http://bj.58.com/pinpaigongyu/29294907776319x.shtml
【合租】回龙观 回龙观新村东区 3室次卧,回龙观新村东区,2280,http://bj.58.com/pinpaigongyu/29669470449452x.shtml
【合租】天竺 翠竹新村 3室主卧,翠竹新村,1850,http://bj.58.com/pinpaigongyu/29514060950210x.shtml
【合租】劲松 农光南里 3室主卧,农光南里,2230,http://bj.58.com/pinpaigongyu/29252686639686x.shtml
【合租】回龙观 紫金新干线四区 3室次卧,紫金新干线四区,1500,http://bj.58.com/pinpaigongyu/29605579228853x.shtml
【合租】龙泽 融泽嘉园6号院 3室主卧,融泽嘉园6号院,2280,http://bj.58.com/pinpaigongyu/29226492134475x.shtml
【合租】东坝 金隅汇景苑 3室次卧,金隅汇景苑,1880,http://bj.58.com/pinpaigongyu/29561978877000x.shtml
【合租】亚运村小营 嘉铭桐城B区 2室主卧,嘉铭桐城B区,3800,http://bj.58.com/pinpaigongyu/29505261841483x.shtml
【合租】芍药居 芍药居北里 3室主卧,芍药居北里,2600,http://bj.58.com/pinpaigongyu/29270842790194x.shtml
【合租】北苑 北苑绣菊园南区 4室次卧,北苑绣菊园南区,1500,http://bj.58.com/pinpaigongyu/29406354035255x.shtml
【合租】西二旗 融泽嘉园8号院 3室次卧,融泽嘉园8号院,1980,http://bj.58.com/pinpaigongyu/28497601123132x.shtml
【合租】梨园 华业东方玫瑰 3室次卧,华业东方玫瑰,1630,http://bj.58.com/pinpaigongyu/29459186735820x.shtml
【合租】梨园 新通国际花园 4室主卧,新通国际花园,1950,http://bj.58.com/pinpaigongyu/29747031763399x.shtml
【合租】芍药居 芍药居北里一区 3室主卧,芍药居北里一区,3200,http://bj.58.com/pinpaigongyu/29572377309373x.shtml
【合租】龙泽 融泽嘉园6号院 2室次卧,融泽嘉园6号院,1980,http://bj.58.com/pinpaigongyu/29704507502890x.shtml
【合租】四惠 东恒时代一期 3室主卧,东恒时代一期,2290,http://bj.58.com/pinpaigongyu/29626886234284x.shtml
【合租】广安门外 远见名苑 3室主卧,远见名苑,2260,http://bj.58.com/pinpaigongyu/29294233231042x.shtml
【合租】新国展 翠竹新村 3室次卧,翠竹新村,1500,http://bj.58.com/pinpaigongyu/29294590125766x.shtml
【合租】沙河 兆丰家园西区 2室次卧,兆丰家园西区,1160,http://bj.58.com/pinpaigongyu/29705391725638x.shtml
【合租】管庄 汇鸿家园 4室主卧,汇鸿家园,3380,http://bj.58.com/pinpaigongyu/29473209856044x.shtml
【合租】回龙观 回龙观新村东区 3室次卧,回龙观新村东区,2190,http://bj.58.com/pinpaigongyu/29129639556805x.shtml
【合租】回龙观 龙锦苑东五区 3室次卧,龙锦苑东五区,2450,http://bj.58.com/pinpaigongyu/29473795462581x.shtml
【合租】酒仙桥 电子城小区 3室主卧,电子城小区,3290,http://bj.58.com/pinpaigongyu/29459306490173x.shtml
【合租】天通苑 天通苑东二区 4室主卧,天通苑东二区,2250,http://bj.58.com/pinpaigongyu/29164580417588x.shtml
【合租】朝青板块 金隅汇星苑 4室次卧,金隅汇星苑,1990,http://bj.58.com/pinpaigongyu/29306095291088x.shtml
【合租】北苑 来春园 3室次卧,来春园,1900,http://bj.58.com/pinpaigongyu/29638891365952x.shtml
【合租】亦庄 南海家园六里 3室主卧,南海家园六里,1600,http://bj.58.com/pinpaigongyu/29691337479485x.shtml
【合租】西二旗 融泽嘉园8号院 3室次卧,融泽嘉园8号院,1980,http://bj.58.com/pinpaigongyu/28629447262156x.shtml
【合租】芍药居 芍药居北里 4室主卧,芍药居北里,3200,http://bj.58.com/pinpaigongyu/29064349809856x.shtml
【合租】九棵树 K2玉兰湾 3室次卧,K2玉兰湾,2000,http://bj.58.com/pinpaigongyu/29395144013737x.shtml
【合租】亚运村 安慧北里秀园 3室主卧,安慧北里秀园,2300,http://bj.58.com/pinpaigongyu/29658664494527x.shtml
【合租】龙泽 融泽嘉园2号院 3室主卧,融泽嘉园2号院,2180,http://bj.58.com/pinpaigongyu/29419118246825x.shtml
【合租】玉桥 葛布店南里 4室次卧,葛布店南里,1450,http://bj.58.com/pinpaigongyu/29646862510007x.shtml
【合租】劲松 农光南里 3室次卧,农光南里,2150,http://bj.58.com/pinpaigongyu/29694684226885x.shtml
【合租】西北旺 大牛坊一期 3室主卧,大牛坊一期,1700,http://bj.58.com/pinpaigongyu/29639009185095x.shtml
【合租】回龙观 龙锦苑东五区 3室次卧,龙锦苑东五区,2450,http://bj.58.com/pinpaigongyu/29473795462581x.shtml
【合租】酒仙桥 电子城小区 3室主卧,电子城小区,3290,http://bj.58.com/pinpaigongyu/29459306490173x.shtml
【合租】天通苑 天通苑东二区 4室主卧,天通苑东二区,2250,http://bj.58.com/pinpaigongyu/29164580417588x.shtml
【合租】朝青板块 金隅汇星苑 4室次卧,金隅汇星苑,1990,http://bj.58.com/pinpaigongyu/29306095291088x.shtml
【合租】酒仙桥 芳园南里 3室主卧,芳园南里,2530,http://bj.58.com/pinpaigongyu/29474560725584x.shtml
【合租】龙泽 融泽嘉园2号院 3室主卧,融泽嘉园2号院,2360,http://bj.58.com/pinpaigongyu/29285008896330x.shtml
【合租】后沙峪 莲竹花园 3室次卧,莲竹花园,1300,http://bj.58.com/pinpaigongyu/29669524358446x.shtml
【合租】回龙观 龙跃苑东五区 3室主卧,龙跃苑东五区,2799,http://bj.58.com/pinpaigongyu/29726872428487x.shtml
【合租】回龙观 龙锦苑东二区 3室主卧,龙锦苑东二区,1760,http://bj.58.com/pinpaigongyu/29559996766387x.shtml
【合租】劲松 华腾园 4室主卧,华腾园,3700,http://bj.58.com/pinpaigongyu/29393754660662x.shtml
【合租】九棵树 K2玉兰湾 3室次卧,K2玉兰湾,2000,http://bj.58.com/pinpaigongyu/29395144013737x.shtml
【合租】亚运村 安慧北里秀园 3室主卧,安慧北里秀园,2300,http://bj.58.com/pinpaigongyu/29658664494527x.shtml
【合租】龙泽 融泽嘉园2号院 3室主卧,融泽嘉园2号院,2180,http://bj.58.com/pinpaigongyu/29419118246825x.shtml
【合租】玉桥 葛布店南里 4室次卧,葛布店南里,1450,http://bj.58.com/pinpaigongyu/29646862510007x.shtml
【合租】劲松 农光南里 3室次卧,农光南里,2150,http://bj.58.com/pinpaigongyu/29694684226885x.shtml
【合租】西北旺 大牛坊一期 3室主卧,大牛坊一期,1700,http://bj.58.com/pinpaigongyu/29639009185095x.shtml
【合租】亚运村小营 育慧里 4室主卧,育慧里,3200,http://bj.58.com/pinpaigongyu/29426608579638x.shtml
【合租】龙泽 融泽嘉园 3室次卧,融泽嘉园,2080,http://bj.58.com/pinpaigongyu/29259641854273x.shtml
【合租】朝青板块 珠江罗马嘉园二期 3室主卧,珠江罗马嘉园二期,2120,http://bj.58.com/pinpaigongyu/29558990354381x.shtml
【合租】龙泽 融泽嘉园2号院 3室主卧,融泽嘉园2号院,2280,http://bj.58.com/pinpaigongyu/29458573717067x.shtml
【合租】回龙观 龙锦苑东二区 3室主卧,龙锦苑东二区,1760,http://bj.58.com/pinpaigongyu/29559996766387x.shtml
【合租】劲松 华腾园 4室主卧,华腾园,3700,http://bj.58.com/pinpaigongyu/29393754660662x.shtml
【合租】望京 望京花园 3室次卧,望京花园,2350,http://bj.58.com/pinpaigongyu/29474829648958x.shtml
【合租】朝青板块 远洋天地二期 4室次卧,远洋天地二期,3590,http://bj.58.com/pinpaigongyu/29294225855547x.shtml
【合租】望京 望京西园一区 4室次卧,望京西园一区,2550,http://bj.58.com/pinpaigongyu/29459551075912x.shtml
【合租】北新桥 国子监街 3室次卧,国子监街,3180,http://bj.58.com/pinpaigongyu/29294907776319x.shtml
【合租】回龙观 回龙观新村东区 3室次卧,回龙观新村东区,2280,http://bj.58.com/pinpaigongyu/29669470449452x.shtml
【合租】天竺 翠竹新村 3室主卧,翠竹新村,1850,http://bj.58.com/pinpaigongyu/29514060950210x.shtml
【合租】劲松 农光南里 3室主卧,农光南里,2230,http://bj.58.com/pinpaigongyu/29252686639686x.shtml
【合租】回龙观 紫金新干线四区 3室次卧,紫金新干线四区,1500,http://bj.58.com/pinpaigongyu/29605579228853x.shtml
【合租】回龙观 融泽嘉园二号院 3室主卧,融泽嘉园二号院,2080,http://bj.58.com/pinpaigongyu/29714162108079x.shtml
【合租】龙泽 融泽嘉园2号院 3室次卧,融泽嘉园2号院,2280,http://bj.58.com/pinpaigongyu/29359030178091x.shtml
【合租】东坝 金隅汇景苑 3室次卧,金隅汇景苑,1660,http://bj.58.com/pinpaigongyu/29538898348985x.shtml
【合租】北苑 北苑绣菊园南区 3室主卧,北苑绣菊园南区,2500,http://bj.58.com/pinpaigongyu/29618309481002x.shtml
【合租】朝青板块 珠江罗马嘉园二期 3室主卧,珠江罗马嘉园二期,2050,http://bj.58.com/pinpaigongyu/29560612686383x.shtml
【合租】四季青 和泓四季 3室主卧,和泓四季,2600,http://bj.58.com/pinpaigongyu/29406475378124x.shtml
【合租】西北旺 大牛坊 3室主卧,大牛坊,1680,http://bj.58.com/pinpaigongyu/29303597061940x.shtml
【合租】潘家园 松榆西里 3室次卧,松榆西里,2180,http://bj.58.com/pinpaigongyu/29695080953164x.shtml
【合租】西北旺 大牛坊二期 3室主卧,大牛坊二期,1890,http://bj.58.com/pinpaigongyu/29403750251464x.shtml
【合租】龙泽 融泽嘉园2号院 3室主卧,融泽嘉园2号院,2380,http://bj.58.com/pinpaigongyu/29728095148979x.shtml
【合租】亦庄 富源里 5室次卧,富源里,2190,http://bj.58.com/pinpaigongyu/29393764679105x.shtml
【合租】回龙观 北店嘉园 3室次卧,北店嘉园,1590,http://bj.58.com/pinpaigongyu/29570497817787x.shtml
【合租】霍营 紫金新干线四区 3室主卧,紫金新干线四区,1999,http://bj.58.com/pinpaigongyu/29649924098234x.shtml
【合租】回龙观 龙博苑三区 3室主卧,龙博苑三区,2130,http://bj.58.com/pinpaigongyu/29251458650431x.shtml
【合租】管庄 汇鸿家园 3室次卧,汇鸿家园,2140,http://bj.58.com/pinpaigongyu/29705211136684x.shtml
【合租】龙泽 融泽嘉园一号院 2室次卧,融泽嘉园一号院,2350,http://bj.58.com/pinpaigongyu/29129804099627x.shtml
【合租】亦庄 富源里 3室次卧,富源里,1990,http://bj.58.com/pinpaigongyu/29683575771448x.shtml
【合租】北苑 拂林园 3室次卧,拂林园,2180,http://bj.58.com/pinpaigongyu/29152722382409x.shtml
【合租】酒仙桥 东风家园 3室主卧,东风家园,3490,http://bj.58.com/pinpaigongyu/29572489740232x.shtml
【合租】甘露园 甘露园1号院 3室主卧,甘露园1号院,2700,http://bj.58.com/pinpaigongyu/29294266464570x.shtml
【合租】北苑 北苑绣菊园南区 3室主卧,北苑绣菊园南区,2500,http://bj.58.com/pinpaigongyu/29618309481002x.shtml
【合租】朝青板块 珠江罗马嘉园二期 3室主卧,珠江罗马嘉园二期,2050,http://bj.58.com/pinpaigongyu/29560612686383x.shtml
【合租】四季青 和泓四季 3室主卧,和泓四季,2600,http://bj.58.com/pinpaigongyu/29406475378124x.shtml
【合租】西北旺 大牛坊 3室主卧,大牛坊,1680,http://bj.58.com/pinpaigongyu/29303597061940x.shtml
【合租】潘家园 松榆西里 3室次卧,松榆西里,2180,http://bj.58.com/pinpaigongyu/29695080953164x.shtml
【合租】西北旺 大牛坊二期 3室主卧,大牛坊二期,1890,http://bj.58.com/pinpaigongyu/29403750251464x.shtml
【合租】龙泽 融泽嘉园2号院 3室主卧,融泽嘉园2号院,2380,http://bj.58.com/pinpaigongyu/29728095148979x.shtml
【合租】肖家河 肖家河回迁住宅( 3室次卧,肖家河回迁住宅(,2190,http://bj.58.com/pinpaigongyu/29548024175793x.shtml
【合租】温泉 环保嘉苑 3室主卧,环保嘉苑,2290,http://bj.58.com/pinpaigongyu/29326539647824x.shtml
【合租】顺义城区 仓上小区 3室主卧,仓上小区,1580,http://bj.58.com/pinpaigongyu/29005672997046x.shtml
【合租】惠新西街 千鹤家园 3室次卧,千鹤家园,2170,http://bj.58.com/pinpaigongyu/29627331808714x.shtml
【合租】天通苑 紫金新干线四区 3室次卧,紫金新干线四区,1590,http://bj.58.com/pinpaigongyu/29647056607407x.shtml
【合租】定福庄 福怡苑 3室次卧,福怡苑,2160,http://bj.58.com/pinpaigongyu/29459365823039x.shtml
【合租】回龙观 紫金新干线四区 3室次卧,紫金新干线四区,1599,http://bj.58.com/pinpaigongyu/29649807315403x.shtml
【合租】望京 利泽西园 3室主卧,利泽西园,2440,http://bj.58.com/pinpaigongyu/29474843346503x.shtml
【合租】北关 天赐良园东三期 3室次卧,天赐良园东三期,1850,http://bj.58.com/pinpaigongyu/29669637375790x.shtml
【合租】回龙观 天巢园 3室次卧,天巢园,2740,http://bj.58.com/pinpaigongyu/29474638108734x.shtml
【合租】六里桥 首科花园 4室主卧,首科花园,3490,http://bj.58.com/pinpaigongyu/29459248936652x.shtml
【合租】霍营 龙锦苑东四区 3室次卧,龙锦苑东四区,1399,http://bj.58.com/pinpaigongyu/29580986726080x.shtml
【合租】望京 望京新城 4室次卧,望京新城,2790,http://bj.58.com/pinpaigongyu/29459752479176x.shtml
【合租】西北旺 大牛坊一期 3室主卧,大牛坊一期,1600,http://bj.58.com/pinpaigongyu/29425975956029x.shtml
【合租】北苑 北苑家园紫绶园 3室主卧,北苑家园紫绶园,2600,http://bj.58.com/pinpaigongyu/29086705942845x.shtml
【合租】肖家河 肖家河回迁住宅( 3室主卧,肖家河回迁住宅(,2400,http://bj.58.com/pinpaigongyu/29220792148151x.shtml
【合租】龙泽 融泽嘉园6号院 2室主卧,融泽嘉园6号院,2380,http://bj.58.com/pinpaigongyu/29374210122316x.shtml
【合租】西北旺 大牛坊 3室主卧,大牛坊,1890,http://bj.58.com/pinpaigongyu/29163423505979x.shtml
【合租】四惠 观音惠园 3室主卧,观音惠园,2700,http://bj.58.com/pinpaigongyu/29452002566969x.shtml
【合租】四季青 和泓四季 3室次卧,和泓四季,2100,http://bj.58.com/pinpaigongyu/29483285524532x.shtml
【合租】西二旗 融泽嘉园8号院 3室次卧,融泽嘉园8号院,1980,http://bj.58.com/pinpaigongyu/29447754099893x.shtml
【合租】东坝 金隅汇景苑 3室次卧,金隅汇景苑,1650,http://bj.58.com/pinpaigongyu/29529196122164x.shtml
【合租】西北旺 大牛坊 3室次卧,大牛坊,1580,http://bj.58.com/pinpaigongyu/28939651359171x.shtml
【合租】亦庄 富源里 5室次卧,富源里,2190,http://bj.58.com/pinpaigongyu/29393764679105x.shtml
【合租】十里堡 都会华庭 3室主卧,都会华庭,2980,http://bj.58.com/pinpaigongyu/29164531552437x.shtml
【合租】回龙观 北店嘉园 3室次卧,北店嘉园,1590,http://bj.58.com/pinpaigongyu/29570497817787x.shtml
【合租】霍营 紫金新干线四区 3室主卧,紫金新干线四区,1999,http://bj.58.com/pinpaigongyu/29649924098234x.shtml
【合租】回龙观 龙博苑三区 3室主卧,龙博苑三区,2130,http://bj.58.com/pinpaigongyu/29251458650431x.shtml
【合租】管庄 汇鸿家园 3室次卧,汇鸿家园,2140,http://bj.58.com/pinpaigongyu/29705211136684x.shtml
【合租】龙泽 融泽嘉园一号院 2室次卧,融泽嘉园一号院,2350,http://bj.58.com/pinpaigongyu/29129804099627x.shtml
【合租】亦庄 富源里 3室次卧,富源里,1990,http://bj.58.com/pinpaigongyu/29683575771448x.shtml
【合租】北苑 拂林园 3室次卧,拂林园,2180,http://bj.58.com/pinpaigongyu/29152722382409x.shtml
【合租】酒仙桥 东风家园 3室主卧,东风家园,3490,http://bj.58.com/pinpaigongyu/29572489740232x.shtml
【合租】龙泽 融泽嘉园2号院 3室主卧,融泽嘉园2号院,2480,http://bj.58.com/pinpaigongyu/29319628029617x.shtml
【合租】九棵树 K2玉兰湾 4室次卧,K2玉兰湾,1400,http://bj.58.com/pinpaigongyu/28974823989055x.shtml
【合租】回龙观 回龙观新村中区 3室主卧,回龙观新村中区,1890,http://bj.58.com/pinpaigongyu/28963867535159x.shtml
【合租】朝青板块 朝阳雅筑 3室次卧,朝阳雅筑,1850,http://bj.58.com/pinpaigongyu/29550282862390x.shtml
【合租】新宫 德鑫嘉园 3室次卧,德鑫嘉园,1690,http://bj.58.com/pinpaigongyu/29705106703302x.shtml
【合租】龙泽 融泽嘉园6号院 3室主卧,融泽嘉园6号院,2080,http://bj.58.com/pinpaigongyu/29704093227306x.shtml
【合租】西二旗 融泽嘉园8号院 2室主卧,融泽嘉园8号院,2180,http://bj.58.com/pinpaigongyu/29161890717262x.shtml
【合租】龙泽 融泽嘉园2号院 3室主卧,融泽嘉园2号院,2380,http://bj.58.com/pinpaigongyu/29492342242108x.shtml
【合租】温泉 环保嘉苑 3室主卧,环保嘉苑,2490,http://bj.58.com/pinpaigongyu/29691390317643x.shtml
【合租】果园 新华联家园 4室次卧,新华联家园,1900,http://bj.58.com/pinpaigongyu/29549139804352x.shtml
【合租】酒仙桥 东风家园 3室主卧,东风家园,3490,http://bj.58.com/pinpaigongyu/29572489740232x.shtml
【合租】甘露园 甘露园1号院 3室主卧,甘露园1号院,2700,http://bj.58.com/pinpaigongyu/29294266464570x.shtml
【合租】通州北苑 北苑南路24号院 3室主卧,北苑南路24号院,2000,http://bj.58.com/pinpaigongyu/29473451211947x.shtml
【合租】回龙观 回龙观新村东区 3室次卧,回龙观新村东区,2290,http://bj.58.com/pinpaigongyu/29129695521581x.shtml
【合租】霍营 紫金新干线 3室主卧,紫金新干线,1760,http://bj.58.com/pinpaigongyu/29738067319104x.shtml
【合租】清河 莱圳家园北区 4室主卧,莱圳家园北区,2980,http://bj.58.com/pinpaigongyu/29152865247428x.shtml
【合租】上地 宣海家园 3室次卧,宣海家园,2000,http://bj.58.com/pinpaigongyu/29669620292940x.shtml
【合租】霍营 霍营小区 3室主卧,霍营小区,1560,http://bj.58.com/pinpaigongyu/29569672686664x.shtml
【合租】霍营 龙锦苑东四区 3室主卧,龙锦苑东四区,2060,http://bj.58.com/pinpaigongyu/29570125947459x.shtml
【合租】天竺 翠竹新村 3室次卧,翠竹新村,1500,http://bj.58.com/pinpaigongyu/29514129109683x.shtml
【合租】龙泽 融泽嘉园6号院 3室主卧,融泽嘉园6号院,2080,http://bj.58.com/pinpaigongyu/29704093227306x.shtml
【合租】西二旗 融泽嘉园8号院 2室主卧,融泽嘉园8号院,2180,http://bj.58.com/pinpaigongyu/29161890717262x.shtml
【合租】龙泽 融泽嘉园2号院 3室主卧,融泽嘉园2号院,2380,http://bj.58.com/pinpaigongyu/29492342242108x.shtml
【合租】温泉 环保嘉苑 3室主卧,环保嘉苑,2490,http://bj.58.com/pinpaigongyu/29691390317643x.shtml
【合租】果园 新华联家园 4室次卧,新华联家园,1900,http://bj.58.com/pinpaigongyu/29549139804352x.shtml
【合租】西二旗 融泽嘉园8号院 4室次卧,融泽嘉园8号院,1680,http://bj.58.com/pinpaigongyu/29558402053317x.shtml
【合租】垡头 金蝉南里 3室次卧,金蝉南里,1740,http://bj.58.com/pinpaigongyu/29704923212231x.shtml
【合租】肖家河 肖家河回迁住宅( 3室主卧,肖家河回迁住宅(,2590,http://bj.58.com/pinpaigongyu/29603467103047x.shtml
【合租】物资学院路 新建村 3室次卧,新建村,1760,http://bj.58.com/pinpaigongyu/29425769802797x.shtml
【合租】梨园 新通国际花园 3室主卧,新通国际花园,1950,http://bj.58.com/pinpaigongyu/29669775887275x.shtml
【合租】六里桥 六里桥北里 3室次卧,六里桥北里,2000,http://bj.58.com/pinpaigongyu/29669292796864x.shtml
【合租】西二旗 融泽嘉园2号院 3室主卧,融泽嘉园2号院,2690,http://bj.58.com/pinpaigongyu/29260763131972x.shtml
【合租】回龙观 良庄家园 3室次卧,良庄家园,1990,http://bj.58.com/pinpaigongyu/29216626747834x.shtml
【合租】通州北苑 世纪星城 4室主卧,世纪星城,2210,http://bj.58.com/pinpaigongyu/29526105516982x.shtml
【合租】北苑 北苑家园(朝阳) 4室主卧,北苑家园(朝阳),2050,http://bj.58.com/pinpaigongyu/29319746436924x.shtml
【合租】龙泽 冠庭园 4室主卧,冠庭园,2660,http://bj.58.com/pinpaigongyu/29459315731522x.shtml
【合租】常营 常营民族家园 3室主卧,常营民族家园,2630,http://bj.58.com/pinpaigongyu/29459321155260x.shtml
【合租】望京 望京新城 3室主卧,望京新城,2550,http://bj.58.com/pinpaigongyu/29473038784571x.shtml
【合租】霍营 紫金新干线 3室主卧,紫金新干线,1860,http://bj.58.com/pinpaigongyu/29746837633082x.shtml
【合租】望京 方舟苑 4室主卧,方舟苑,2500,http://bj.58.com/pinpaigongyu/29393708265642x.shtml
【合租】西北旺 大牛坊二期 3室主卧,大牛坊二期,1990,http://bj.58.com/pinpaigongyu/29292775199286x.shtml
【合租】龙泽 融泽嘉园6号院 3室次卧,融泽嘉园6号院,2180,http://bj.58.com/pinpaigongyu/28952127439819x.shtml
【合租】西二旗 金域华府 3室次卧,金域华府,1980,http://bj.58.com/pinpaigongyu/29425540227385x.shtml
【合租】龙泽 融泽嘉园2号院 3室次卧,融泽嘉园2号院,1880,http://bj.58.com/pinpaigongyu/29624706761160x.shtml
【合租】龙泽 融泽嘉园6号院 3室次卧,融泽嘉园6号院,2180,http://bj.58.com/pinpaigongyu/29458800407992x.shtml
【合租】龙泽 融泽嘉园2号院 3室次卧,融泽嘉园2号院,1880,http://bj.58.com/pinpaigongyu/29403189103566x.shtml
【合租】香山 和泓四季 3室主卧,和泓四季,2600,http://bj.58.com/pinpaigongyu/29713926901693x.shtml
【合租】龙泽 融泽嘉园2号院 3室主卧,融泽嘉园2号院,2180,http://bj.58.com/pinpaigongyu/29407737378107x.shtml
【合租】北苑 北苑家园绣菊园 3室次卧,北苑家园绣菊园,1900,http://bj.58.com/pinpaigongyu/29084115528365x.shtml
【合租】梨园 新通国际花园 4室次卧,新通国际花园,1700,http://bj.58.com/pinpaigongyu/29746864215376x.shtml
【合租】龙泽 冠庭园 4室主卧,冠庭园,2660,http://bj.58.com/pinpaigongyu/29459315731522x.shtml
【合租】常营 常营民族家园 3室主卧,常营民族家园,2630,http://bj.58.com/pinpaigongyu/29459321155260x.shtml
【合租】望京 望京新城 3室主卧,望京新城,2550,http://bj.58.com/pinpaigongyu/29473038784571x.shtml
【合租】霍营 紫金新干线 3室主卧,紫金新干线,1860,http://bj.58.com/pinpaigongyu/29746837633082x.shtml
【合租】望京 方舟苑 4室主卧,方舟苑,2500,http://bj.58.com/pinpaigongyu/29393708265642x.shtml
【合租】东直门 十字坡东里 3室次卧,十字坡东里,3190,http://bj.58.com/pinpaigongyu/29295012312783x.shtml
【合租】回龙观 新龙城小区龙泽地 3室主卧,新龙城小区龙泽地,2600,http://bj.58.com/pinpaigongyu/29549053958446x.shtml
【合租】潘家园 华威北里 4室主卧,华威北里,2190,http://bj.58.com/pinpaigongyu/29670035605034x.shtml
【合租】回龙观 紫金新干线四区 3室次卧,紫金新干线四区,1599,http://bj.58.com/pinpaigongyu/29602812336336x.shtml
【合租】物资学院路 新建村 4室次卧,新建村,2590,http://bj.58.com/pinpaigongyu/29152908084527x.shtml
【合租】龙泽 融泽嘉园6号院 3室次卧,融泽嘉园6号院,2180,http://bj.58.com/pinpaigongyu/29458800407992x.shtml
【合租】龙泽 融泽嘉园2号院 3室次卧,融泽嘉园2号院,1880,http://bj.58.com/pinpaigongyu/29403189103566x.shtml
【合租】香山 和泓四季 3室主卧,和泓四季,2600,http://bj.58.com/pinpaigongyu/29713926901693x.shtml
【合租】龙泽 融泽嘉园2号院 3室主卧,融泽嘉园2号院,2180,http://bj.58.com/pinpaigongyu/29407737378107x.shtml
【合租】北苑 北苑家园绣菊园 3室次卧,北苑家园绣菊园,1900,http://bj.58.com/pinpaigongyu/29084115528365x.shtml
【合租】梨园 新通国际花园 4室次卧,新通国际花园,1700,http://bj.58.com/pinpaigongyu/29746864215376x.shtml
【合租】朝青板块 华纺易城 4室主卧,华纺易城,4480,http://bj.58.com/pinpaigongyu/29461945942210x.shtml
【合租】安慧桥 中灿苑 3室主卧,中灿苑,2500,http://bj.58.com/pinpaigongyu/29427426801727x.shtml
【合租】北苑 紫绶园 3室次卧,紫绶园,1890,http://bj.58.com/pinpaigongyu/29638316140590x.shtml
【合租】龙泽 融泽嘉园12号院 2室主卧,融泽嘉园12号院,2188,http://bj.58.com/pinpaigongyu/29657726035247x.shtml
【合租】物资学院路 新建村 4室次卧,新建村,2590,http://bj.58.com/pinpaigongyu/29152908084527x.shtml
【合租】管庄 瑞祥里 3室次卧,瑞祥里,1890,http://bj.58.com/pinpaigongyu/29340161499308x.shtml
【合租】酒仙桥 芳园南里 3室主卧,芳园南里,2290,http://bj.58.com/pinpaigongyu/29680619393976x.shtml
【合租】双井 富力城A区 3室次卧,富力城A区,2920,http://bj.58.com/pinpaigongyu/29218773729984x.shtml
【合租】望京 望京花园东区 3室主卧,望京花园东区,2480,http://bj.58.com/pinpaigongyu/29746895566799x.shtml
【合租】物资学院路 新建村 3室主卧,新建村,2100,http://bj.58.com/pinpaigongyu/29669464196933x.shtml
【合租】酒仙桥 芳园南里 5室主卧,芳园南里,2350,http://bj.58.com/pinpaigongyu/29186282957886x.shtml
【合租】回龙观 龙锦苑东五区 3室主卧,龙锦苑东五区,1699,http://bj.58.com/pinpaigongyu/29650617453892x.shtml
【合租】亦庄 富源里 3室主卧,富源里,1980,http://bj.58.com/pinpaigongyu/29683581108927x.shtml
【合租】赵公口 慧时欣园 3室主卧,慧时欣园,2160,http://bj.58.com/pinpaigongyu/28974279320522x.shtml
【合租】龙泽 融泽嘉园6号院 3室次卧,融泽嘉园6号院,2180,http://bj.58.com/pinpaigongyu/29458800407992x.shtml
【合租】龙泽 融泽嘉园2号院 3室次卧,融泽嘉园2号院,1880,http://bj.58.com/pinpaigongyu/29403189103566x.shtml
【合租】香山 和泓四季 3室主卧,和泓四季,2600,http://bj.58.com/pinpaigongyu/29713926901693x.shtml
【合租】龙泽 融泽嘉园2号院 3室主卧,融泽嘉园2号院,2180,http://bj.58.com/pinpaigongyu/29407737378107x.shtml
【合租】北苑 北苑家园绣菊园 3室次卧,北苑家园绣菊园,1900,http://bj.58.com/pinpaigongyu/29084115528365x.shtml
【合租】梨园 新通国际花园 4室次卧,新通国际花园,1700,http://bj.58.com/pinpaigongyu/29746864215376x.shtml
【合租】朝青板块 华纺易城 4室主卧,华纺易城,4480,http://bj.58.com/pinpaigongyu/29461945942210x.shtml
【合租】安慧桥 中灿苑 3室主卧,中灿苑,2500,http://bj.58.com/pinpaigongyu/29427426801727x.shtml
【合租】北苑 紫绶园 3室次卧,紫绶园,1890,http://bj.58.com/pinpaigongyu/29638316140590x.shtml
【合租】龙泽 融泽嘉园12号院 2室主卧,融泽嘉园12号院,2188,http://bj.58.com/pinpaigongyu/29657726035247x.shtml
【合租】马连洼 博雅西园 3室主卧,博雅西园,2490,http://bj.58.com/pinpaigongyu/29185992080592x.shtml
【合租】西二旗 金域华府 3室主卧,金域华府,2580,http://bj.58.com/pinpaigongyu/29669901376586x.shtml
【合租】定福庄 泰福苑 3室次卧,泰福苑,2330,http://bj.58.com/pinpaigongyu/29572479031096x.shtml
【合租】常营  4室主卧,4室主卧,2580,http://bj.58.com/pinpaigongyu/29474223177004x.shtml
【合租】定福庄 珠江绿洲家园 3室次卧,珠江绿洲家园,2500,http://bj.58.com/pinpaigongyu/29525829080000x.shtml
【合租】后沙峪 香花畦家园 3室次卧,香花畦家园,1850,http://bj.58.com/pinpaigongyu/29669653509066x.shtml
【合租】西二旗 融泽嘉园2号院 3室次卧,融泽嘉园2号院,2500,http://bj.58.com/pinpaigongyu/29260705353922x.shtml
【合租】霍营 上坡家园 3室次卧,上坡家园,2390,http://bj.58.com/pinpaigongyu/29261073372465x.shtml
【合租】回龙观 新龙城二期 3室主卧,新龙城二期,2290,http://bj.58.com/pinpaigongyu/29536321322048x.shtml
【合租】东直门 十字坡西里 3室次卧,十字坡西里,3180,http://bj.58.com/pinpaigongyu/29294947608238x.shtml
【合租】亚运村 中灿苑一区 3室主卧,中灿苑一区,3200,http://bj.58.com/pinpaigongyu/29306878914733x.shtml
【合租】肖家河 肖家河回迁住宅( 3室次卧,肖家河回迁住宅(,1790,http://bj.58.com/pinpaigongyu/29471874030792x.shtml
【合租】九棵树 K2玉兰湾 4室次卧,K2玉兰湾,1400,http://bj.58.com/pinpaigongyu/29648464978113x.shtml
【合租】西二旗 融泽嘉园8号院 2室次卧,融泽嘉园8号院,1980,http://bj.58.com/pinpaigongyu/29436406740790x.shtml
【合租】西北旺 大牛坊一期 3室主卧,大牛坊一期,1790,http://bj.58.com/pinpaigongyu/29429155172654x.shtml
【合租】瀛海镇 南海家园四里 3室主卧,南海家园四里,1450,http://bj.58.com/pinpaigongyu/29482152122153x.shtml
【合租】龙泽 融泽嘉园2号院 3室次卧,融泽嘉园2号院,1880,http://bj.58.com/pinpaigongyu/29583968580668x.shtml
【合租】肖家河 肖家河回迁住宅( 4室次卧,肖家河回迁住宅(,2190,http://bj.58.com/pinpaigongyu/29658071909801x.shtml
【合租】肖家河 肖家河回迁住宅( 3室主卧,肖家河回迁住宅(,2400,http://bj.58.com/pinpaigongyu/29153907499433x.shtml
【合租】西北旺 大牛坊一期 3室次卧,大牛坊一期,1300,http://bj.58.com/pinpaigongyu/29735762271019x.shtml
【合租】中央别墅区 中粮祥云 3室次卧,中粮祥云,1980,http://bj.58.com/pinpaigongyu/29669634353343x.shtml
【合租】西二旗 龙兴园中区 4室次卧,龙兴园中区,1980,http://bj.58.com/pinpaigongyu/29296147166276x.shtml
【合租】亦庄 泰河园三里 3室主卧,泰河园三里,1180,http://bj.58.com/pinpaigongyu/29734926051526x.shtml
【合租】回龙观 良庄家园 4室主卧,良庄家园,3090,http://bj.58.com/pinpaigongyu/29129712691135x.shtml
【合租】姚家园 姚家园东里8号院 3室次卧,姚家园东里8号院,2330,http://bj.58.com/pinpaigongyu/29572492245047x.shtml
【合租】北苑 广华居 3室主卧,广华居,1950,http://bj.58.com/pinpaigongyu/29747318513589x.shtml
【合租】回龙观 新龙城小区龙泽地 3室次卧,新龙城小区龙泽地,1999,http://bj.58.com/pinpaigongyu/29547788624974x.shtml
【合租】广渠门 安化北里 3室主卧,安化北里,2350,http://bj.58.com/pinpaigongyu/29691374099397x.shtml
【合租】东四十条 潘家坡小区 3室次卧,潘家坡小区,3290,http://bj.58.com/pinpaigongyu/29295089246925x.shtml
【合租】回龙观 龙锦苑东一区 3室次卧,龙锦苑东一区,1599,http://bj.58.com/pinpaigongyu/29705558876994x.shtml
【合租】亚运村 大屯里小区 2室主卧,大屯里小区,2600,http://bj.58.com/pinpaigongyu/29230766804802x.shtml
【合租】梨园 华业东方玫瑰 3室主卧,华业东方玫瑰,1550,http://bj.58.com/pinpaigongyu/29549114965830x.shtml
【合租】龙泽 融泽嘉园 3室主卧,融泽嘉园,2280,http://bj.58.com/pinpaigongyu/29370452035786x.shtml
【合租】芍药居 芍药居北里小区 3室主卧,芍药居北里小区,3400,http://bj.58.com/pinpaigongyu/29426660640554x.shtml
【合租】龙泽 融泽嘉园2号院 3室次卧,融泽嘉园2号院,1980,http://bj.58.com/pinpaigongyu/28566014657070x.shtml
【合租】西北旺 大牛坊一期 3室次卧,大牛坊一期,1680,http://bj.58.com/pinpaigongyu/28943469486797x.shtml
【合租】西二旗 融泽嘉园8号院 3室主卧,融泽嘉园8号院,2080,http://bj.58.com/pinpaigongyu/29668510726453x.shtml
【合租】亚运村小营 嘉铭桐城A区 4室主卧,嘉铭桐城A区,3200,http://bj.58.com/pinpaigongyu/29426755313858x.shtml
【合租】亚运村 光大名筑 3室次卧,光大名筑,1600,http://bj.58.com/pinpaigongyu/29173803421766x.shtml
【合租】西二旗 融泽嘉园8号院 2室次卧,融泽嘉园8号院,1980,http://bj.58.com/pinpaigongyu/29682459883054x.shtml
【合租】成寿寺 中海城圣朝菲 3室主卧,中海城圣朝菲,2190,http://bj.58.com/pinpaigongyu/29671352170552x.shtml
【合租】回龙观 龙跃苑四区 3室主卧,龙跃苑四区,2790,http://bj.58.com/pinpaigongyu/29459256658106x.shtml
【合租】沙河 兆丰家园西区 3室主卧,兆丰家园西区,1399,http://bj.58.com/pinpaigongyu/29584480985282x.shtml
【合租】十里堡 青年路小区 3室主卧,青年路小区,1880,http://bj.58.com/pinpaigongyu/29472432934339x.shtml
【合租】天通苑 天通苑东二区 4室次卧,天通苑东二区,2360,http://bj.58.com/pinpaigongyu/29164578293549x.shtml
【合租】龙泽 新龙城 3室主卧,新龙城,2360,http://bj.58.com/pinpaigongyu/29570520169415x.shtml
【合租】物资学院路 天赐良园东一期 3室主卧,天赐良园东一期,1950,http://bj.58.com/pinpaigongyu/29746996769486x.shtml
【合租】四惠 金地名京 4室主卧,金地名京,2480,http://bj.58.com/pinpaigongyu/29627099539142x.shtml
【合租】回龙观 龙腾苑一区 3室次卧,龙腾苑一区,2090,http://bj.58.com/pinpaigongyu/29129605857737x.shtml
【合租】车道沟 裕泽园 3室次卧,裕泽园,2650,http://bj.58.com/pinpaigongyu/29474688546353x.shtml
【合租】西北旺 大牛坊 3室主卧,大牛坊,1890,http://bj.58.com/pinpaigongyu/29318204354473x.shtml
【合租】安慧桥 中灿苑 3室主卧,中灿苑,2500,http://bj.58.com/pinpaigongyu/29230924766396x.shtml
【合租】东坝 金泰丽富嘉园 2室主卧,金泰丽富嘉园,1560,http://bj.58.com/pinpaigongyu/29647915524013x.shtml
【合租】龙泽 融泽嘉园6号院 3室主卧,融泽嘉园6号院,1850,http://bj.58.com/pinpaigongyu/29558351702597x.shtml
【合租】马连洼 马连洼梅园 3室次卧,马连洼梅园,2190,http://bj.58.com/pinpaigongyu/29529108496320x.shtml
【合租】龙泽 融泽嘉园6号院 3室次卧,融泽嘉园6号院,1880,http://bj.58.com/pinpaigongyu/29735119249066x.shtml
【合租】西二旗 融泽嘉园8号院 3室次卧,融泽嘉园8号院,1980,http://bj.58.com/pinpaigongyu/29650381952950x.shtml
【合租】东坝 金隅汇景苑 3室主卧,金隅汇景苑,1560,http://bj.58.com/pinpaigongyu/29561980138061x.shtml
【合租】西二旗 融泽嘉园8号院 3室次卧,融泽嘉园8号院,1880,http://bj.58.com/pinpaigongyu/29547333912264x.shtml
【合租】东坝 金隅汇景苑 3室次卧,金隅汇景苑,1560,http://bj.58.com/pinpaigongyu/29569266234926x.shtml
【合租】车道沟 裕泽园 3室次卧,裕泽园,2650,http://bj.58.com/pinpaigongyu/29474688546353x.shtml
【合租】龙泽 新龙城 3室主卧,新龙城,2360,http://bj.58.com/pinpaigongyu/29705086909625x.shtml
【合租】龙泽 融泽嘉园6号院 3室次卧,融泽嘉园6号院,2280,http://bj.58.com/pinpaigongyu/29669467979957x.shtml
【合租】亦庄 南海家园六里 3室主卧,南海家园六里,1280,http://bj.58.com/pinpaigongyu/29341500018875x.shtml
【合租】龙泽 万润家园 3室主卧,万润家园,1860,http://bj.58.com/pinpaigongyu/29714505513806x.shtml
【合租】后沙峪 翠竹新村 3室次卧,翠竹新村,1690,http://bj.58.com/pinpaigongyu/29514159579589x.shtml
【合租】霍营 紫金新干线 3室主卧,紫金新干线,1860,http://bj.58.com/pinpaigongyu/29746530191284x.shtml
【合租】朝青板块 金隅泰和园 3室主卧,金隅泰和园,1990,http://bj.58.com/pinpaigongyu/29294209239492x.shtml
【合租】酒仙桥 芳园里北区 4室主卧,芳园里北区,2680,http://bj.58.com/pinpaigongyu/29186143150505x.shtml
【合租】潘家园 华威里 3室次卧,华威里,2180,http://bj.58.com/pinpaigongyu/29440609159236x.shtml
【合租】东坝 金隅汇景苑 3室主卧,金隅汇景苑,1560,http://bj.58.com/pinpaigongyu/29561980138061x.shtml
【合租】西二旗 融泽嘉园8号院 3室次卧,融泽嘉园8号院,1880,http://bj.58.com/pinpaigongyu/29547333912264x.shtml
【合租】东坝 金隅汇景苑 3室次卧,金隅汇景苑,1560,http://bj.58.com/pinpaigongyu/29569266234926x.shtml
【合租】九棵树 K2玉兰湾 6室主卧,K2玉兰湾,2400,http://bj.58.com/pinpaigongyu/29381848243013x.shtml
【合租】香山 和泓四季 3室次卧,和泓四季,2100,http://bj.58.com/pinpaigongyu/29730202662351x.shtml
【合租】西二旗 融泽嘉园8号院 3室主卧,融泽嘉园8号院,2380,http://bj.58.com/pinpaigongyu/29613984753719x.shtml
【合租】梨园 小街之春 5室次卧,小街之春,1200,http://bj.58.com/pinpaigongyu/29326408476749x.shtml
【合租】中仓 西营前街小区 3室次卧,西营前街小区,1200,http://bj.58.com/pinpaigongyu/29407188545839x.shtml
【合租】物资学院路 新建村 3室主卧,新建村,2260,http://bj.58.com/pinpaigongyu/29636619448398x.shtml
【合租】九棵树 K2玉兰湾 5室次卧,K2玉兰湾,1600,http://bj.58.com/pinpaigongyu/29626766601005x.shtml
【合租】酒仙桥 芳园里北区 4室主卧,芳园里北区,2680,http://bj.58.com/pinpaigongyu/29186143150505x.shtml
【合租】潘家园 华威里 3室次卧,华威里,2180,http://bj.58.com/pinpaigongyu/29440609159236x.shtml
【合租】惠新里 惠新南里1号院 4室主卧,惠新南里1号院,2190,http://bj.58.com/pinpaigongyu/29627490789950x.shtml
【合租】上地 当代城市家园 1室主卧,当代城市家园,5990,http://bj.58.com/pinpaigongyu/29459613501125x.shtml
【合租】上地 上地东里 3室主卧,上地东里,2240,http://bj.58.com/pinpaigongyu/29572337254593x.shtml
【合租】上地 宣海家园 3室次卧,宣海家园,1980,http://bj.58.com/pinpaigongyu/29669508830661x.shtml
【合租】霍营 紫金新干线四区 3室次卧,紫金新干线四区,1450,http://bj.58.com/pinpaigongyu/29525040101446x.shtml
【合租】回龙观 龙跃苑东四区 3室主卧,龙跃苑东四区,1660,http://bj.58.com/pinpaigongyu/29635942313412x.shtml
【合租】四惠 东恒时代一期 4室次卧,东恒时代一期,2290,http://bj.58.com/pinpaigongyu/29626867096500x.shtml
【合租】常营 常营民族家园 3室主卧,常营民族家园,2350,http://bj.58.com/pinpaigongyu/29407729934664x.shtml
【合租】香山 和泓四季 3室次卧,和泓四季,2100,http://bj.58.com/pinpaigongyu/29730202662351x.shtml
【合租】西二旗 融泽嘉园8号院 3室主卧,融泽嘉园8号院,2380,http://bj.58.com/pinpaigongyu/29613984753719x.shtml
【合租】梨园 小街之春 5室次卧,小街之春,1200,http://bj.58.com/pinpaigongyu/29326408476749x.shtml
【合租】中仓 西营前街小区 3室次卧,西营前街小区,1200,http://bj.58.com/pinpaigongyu/29407188545839x.shtml
【合租】物资学院路 新建村 3室主卧,新建村,2260,http://bj.58.com/pinpaigongyu/29636619448398x.shtml
【合租】九棵树 K2玉兰湾 5室次卧,K2玉兰湾,1600,http://bj.58.com/pinpaigongyu/29626766601005x.shtml
【合租】西二旗 融泽嘉园8号院 3室主卧,融泽嘉园8号院,2080,http://bj.58.com/pinpaigongyu/29690694785841x.shtml
【合租】西二旗 融泽嘉园8号院 2室主卧,融泽嘉园8号院,2080,http://bj.58.com/pinpaigongyu/29691106591424x.shtml
【合租】龙泽 融泽嘉园2号院 3室次卧,融泽嘉园2号院,1880,http://bj.58.com/pinpaigongyu/29712814624183x.shtml
【合租】龙泽 融泽嘉园6号院 2室主卧,融泽嘉园6号院,2080,http://bj.58.com/pinpaigongyu/29558194138299x.shtml
【合租】四惠 东恒时代一期 4室次卧,东恒时代一期,2290,http://bj.58.com/pinpaigongyu/29626867096500x.shtml
【合租】常营 常营民族家园 3室主卧,常营民族家园,2350,http://bj.58.com/pinpaigongyu/29407729934664x.shtml
【合租】四惠 东恒时代三期 2室次卧,东恒时代三期,3890,http://bj.58.com/pinpaigongyu/29482956129732x.shtml
【合租】天通苑 天通中苑 5室主卧,天通中苑,2230,http://bj.58.com/pinpaigongyu/29572494577104x.shtml
【合租】次渠 次渠北里 5室主卧,次渠北里,1300,http://bj.58.com/pinpaigongyu/29517766147527x.shtml
【合租】垡头 格林莱雅 3室次卧,格林莱雅,2490,http://bj.58.com/pinpaigongyu/29153122131906x.shtml
【合租】回龙观 流星花园二区 3室次卧,流星花园二区,2290,http://bj.58.com/pinpaigongyu/29459246069934x.shtml
【合租】上地 上地东里 3室次卧,上地东里,1850,http://bj.58.com/pinpaigongyu/29669569959870x.shtml
【合租】西二旗 融泽嘉园6号院 3室主卧,融泽嘉园6号院,1800,http://bj.58.com/pinpaigongyu/29669896540488x.shtml
【合租】北苑 明天第一城 3室次卧,明天第一城,1990,http://bj.58.com/pinpaigongyu/29703160642100x.shtml
【合租】西北旺 大牛坊 3室主卧,大牛坊,1700,http://bj.58.com/pinpaigongyu/29293372655151x.shtml
【合租】亚运村 嘉铭桐城C区 3室主卧,嘉铭桐城C区,2680,http://bj.58.com/pinpaigongyu/29076665683517x.shtml
【合租】西北旺 大牛坊一期 3室次卧,大牛坊一期,1480,http://bj.58.com/pinpaigongyu/29028823049029x.shtml
【合租】龙泽 融泽嘉园2号院 3室次卧,融泽嘉园2号院,1980,http://bj.58.com/pinpaigongyu/29591641350953x.shtml
【合租】九棵树 K2玉兰湾 6室主卧,K2玉兰湾,2400,http://bj.58.com/pinpaigongyu/29359173768646x.shtml
【合租】回龙观 融泽嘉园二号院 3室主卧,融泽嘉园二号院,2380,http://bj.58.com/pinpaigongyu/29392831919172x.shtml
【合租】双井 观音惠园 3室主卧,观音惠园,2200,http://bj.58.com/pinpaigongyu/29613396366281x.shtml
【合租】北苑 绣菊园 3室主卧,绣菊园,2400,http://bj.58.com/pinpaigongyu/29071917301292x.shtml
【合租】龙泽 融泽嘉园6号院 4室次卧,融泽嘉园6号院,1880,http://bj.58.com/pinpaigongyu/29679815075882x.shtml
【合租】西北旺 大牛坊二期 3室主卧,大牛坊二期,1700,http://bj.58.com/pinpaigongyu/29669241046200x.shtml
【合租】百子湾 百子湾家园 4室主卧,百子湾家园,3190,http://bj.58.com/pinpaigongyu/29459309876432x.shtml
【合租】望京 方舟苑 3室主卧,方舟苑,2500,http://bj.58.com/pinpaigongyu/29482429130547x.shtml
【合租】惠新里 惠新南里1号院 3室主卧,惠新南里1号院,2260,http://bj.58.com/pinpaigongyu/29627475261624x.shtml
【合租】回龙观 龙博苑一区 3室次卧,龙博苑一区,1666,http://bj.58.com/pinpaigongyu/29573142245553x.shtml
【合租】成寿寺 四方景园三区 4室主卧,四方景园三区,2390,http://bj.58.com/pinpaigongyu/29705090865333x.shtml
【合租】清河 宝盛里观林园 3室次卧,宝盛里观林园,1990,http://bj.58.com/pinpaigongyu/29693259378511x.shtml
【合租】常营 常营民族家园 3室主卧,常营民族家园,2480,http://bj.58.com/pinpaigongyu/29459668861225x.shtml
【合租】沙河 保利罗兰香谷 3室主卧,保利罗兰香谷,1380,http://bj.58.com/pinpaigongyu/29250342677034x.shtml
【合租】沙河 兆丰家园东区 3室主卧,兆丰家园东区,1399,http://bj.58.com/pinpaigongyu/29573371924688x.shtml
【合租】回龙观 紫金新干线四区 3室主卧,紫金新干线四区,1860,http://bj.58.com/pinpaigongyu/29481401127992x.shtml
【合租】回龙观 融泽嘉园二号院 3室主卧,融泽嘉园二号院,2380,http://bj.58.com/pinpaigongyu/29392831919172x.shtml
【合租】双井 观音惠园 3室主卧,观音惠园,2200,http://bj.58.com/pinpaigongyu/29613396366281x.shtml
【合租】北苑 绣菊园 3室主卧,绣菊园,2400,http://bj.58.com/pinpaigongyu/29071917301292x.shtml
【合租】龙泽 融泽嘉园6号院 4室次卧,融泽嘉园6号院,1880,http://bj.58.com/pinpaigongyu/29679815075882x.shtml
【合租】西北旺 大牛坊二期 3室主卧,大牛坊二期,1700,http://bj.58.com/pinpaigongyu/29669241046200x.shtml
【合租】龙泽 融泽嘉园12号院 2室主卧,融泽嘉园12号院,2380,http://bj.58.com/pinpaigongyu/29613470657453x.shtml
【合租】管庄 西军庄 3室次卧,西军庄,1680,http://bj.58.com/pinpaigongyu/29595122914121x.shtml
【合租】芍药居 芍药居北里小区 4室主卧,芍药居北里小区,2600,http://bj.58.com/pinpaigongyu/29426756350288x.shtml
【合租】亚运村 大屯里小区 2室主卧,大屯里小区,1800,http://bj.58.com/pinpaigongyu/29724838342222x.shtml
【合租】龙泽 融泽嘉园2号院 2室主卧,融泽嘉园2号院,2180,http://bj.58.com/pinpaigongyu/29392455816893x.shtml
【合租】沙河 保利罗兰香谷 3室主卧,保利罗兰香谷,1380,http://bj.58.com/pinpaigongyu/29250342677034x.shtml
【合租】沙河 兆丰家园东区 3室主卧,兆丰家园东区,1399,http://bj.58.com/pinpaigongyu/29573371924688x.shtml
【合租】回龙观 紫金新干线四区 3室主卧,紫金新干线四区,1860,http://bj.58.com/pinpaigongyu/29481401127992x.shtml
【合租】太阳宫 新纪家园 3室次卧,新纪家园,2590,http://bj.58.com/pinpaigongyu/29574112090046x.shtml
【合租】回龙观 龙跃苑东五区 3室主卧,龙跃苑东五区,1990,http://bj.58.com/pinpaigongyu/29657918820539x.shtml
【合租】清河 函数公寓龙旗店 2室主卧,【合租】清河,2350,http://bj.58.com/pinpaigongyu/29717488578378x.shtml
【合租】角门 西马场北里 3室主卧,西马场北里,2360,http://bj.58.com/pinpaigongyu/29261750284461x.shtml
【合租】亦庄 富源里 3室主卧,富源里,1650,http://bj.58.com/pinpaigongyu/29747565086021x.shtml
【合租】朝阳公园 姚家园东里 3室主卧,姚家园东里,2990,http://bj.58.com/pinpaigongyu/29293503879480x.shtml
【合租】回龙观 回龙观新村东区 3室次卧,回龙观新村东区,2090,http://bj.58.com/pinpaigongyu/28333289967537x.shtml
【合租】龙泽 融泽嘉园2号院 2室主卧,融泽嘉园2号院,2180,http://bj.58.com/pinpaigongyu/29392455816893x.shtml
【合租】回龙观 融泽嘉园 1室主卧,融泽嘉园,2280,http://bj.58.com/pinpaigongyu/29447522831806x.shtml
【合租】望京 望京花园东区 3室次卧,望京花园东区,2140,http://bj.58.com/pinpaigongyu/29693646655184x.shtml
【合租】西二旗 融泽嘉园8号院 3室次卧,融泽嘉园8号院,1880,http://bj.58.com/pinpaigongyu/29679537982416x.shtml
【合租】西北旺 大牛坊二期 3室主卧,大牛坊二期,1700,http://bj.58.com/pinpaigongyu/29303784301382x.shtml
【合租】龙泽 融泽嘉园一号院 2室主卧,融泽嘉园一号院,1980,http://bj.58.com/pinpaigongyu/29558392242347x.shtml
【合租】天通苑 蕴实园 3室次卧,蕴实园,1950,http://bj.58.com/pinpaigongyu/29638645018570x.shtml
【合租】西北旺 大牛坊 3室次卧,大牛坊,1400,http://bj.58.com/pinpaigongyu/29359837725504x.shtml
【合租】东坝 金隅汇景苑 3室次卧,金隅汇景苑,1650,http://bj.58.com/pinpaigongyu/29569258358461x.shtml
【合租】东坝 金泰丽富 2室主卧,金泰丽富,1600,http://bj.58.com/pinpaigongyu/29647787323825x.shtml
【合租】朝阳公园 姚家园东里 3室主卧,姚家园东里,2990,http://bj.58.com/pinpaigongyu/29293503879480x.shtml
【合租】回龙观 回龙观新村东区 3室次卧,回龙观新村东区,2090,http://bj.58.com/pinpaigongyu/28333289967537x.shtml
【合租】回龙观 龙腾苑六区 3室主卧,龙腾苑六区,2210,http://bj.58.com/pinpaigongyu/29252820264397x.shtml
【合租】西二旗 领袖新硅谷 3室次卧,领袖新硅谷,2130,http://bj.58.com/pinpaigongyu/29747148513082x.shtml
【合租】四惠 通惠家园惠民园 3室次卧,通惠家园惠民园,2790,http://bj.58.com/pinpaigongyu/29164533850429x.shtml
【合租】回龙观 新龙城二期 3室主卧,新龙城二期,2760,http://bj.58.com/pinpaigongyu/29405000179018x.shtml
【合租】龙泽 融泽嘉园1号院 4室次卧,融泽嘉园1号院,2450,http://bj.58.com/pinpaigongyu/29393539008067x.shtml
【合租】方庄 芳星园一区 3室主卧,芳星园一区,2000,http://bj.58.com/pinpaigongyu/29684005213392x.shtml
【合租】回龙观 龙博苑二区 3室主卧,龙博苑二区,2120,http://bj.58.com/pinpaigongyu/29747117628982x.shtml
【合租】物资学院路 新建村 3室次卧,新建村,2350,http://bj.58.com/pinpaigongyu/29130117639754x.shtml
【合租】亚运村 安慧里二区 3室次卧,安慧里二区,1350,http://bj.58.com/pinpaigongyu/29239663159886x.shtml
【合租】甘露园 朝阳园 3室次卧,朝阳园,1870,http://bj.58.com/pinpaigongyu/29551075330486x.shtml
【合租】朝青板块 青年汇佳园 3室主卧,青年汇佳园,2160,http://bj.58.com/pinpaigongyu/29551851613644x.shtml
【合租】西二旗 融泽嘉园8号院 3室主卧,融泽嘉园8号院,2080,http://bj.58.com/pinpaigongyu/29507006483755x.shtml
【合租】双桥 金隅康惠园 3室主卧,金隅康惠园,2269,http://bj.58.com/pinpaigongyu/29572456143531x.shtml
【合租】肖家河 肖家河回迁住宅( 3室次卧,肖家河回迁住宅(,2190,http://bj.58.com/pinpaigongyu/29150671420235x.shtml
【合租】龙泽 融泽嘉园一号院 3室主卧,融泽嘉园一号院,2380,http://bj.58.com/pinpaigongyu/29336993025742x.shtml
【合租】肖家河 肖家河回迁住宅( 4室主卧,肖家河回迁住宅(,3290,http://bj.58.com/pinpaigongyu/29551896195256x.shtml
【合租】马连洼 圆明园西路小区 3室次卧,圆明园西路小区,2400,http://bj.58.com/pinpaigongyu/29514292459706x.shtml
【合租】中仓 西营前街小区 3室主卧,西营前街小区,1100,http://bj.58.com/pinpaigongyu/29438138117290x.shtml
【合租】回龙观 龙博苑二区 3室主卧,龙博苑二区,2120,http://bj.58.com/pinpaigongyu/29747117628982x.shtml
【合租】物资学院路 新建村 3室次卧,新建村,2350,http://bj.58.com/pinpaigongyu/29130117639754x.shtml
【合租】望京 夏都家园 3室次卧,夏都家园,2000,http://bj.58.com/pinpaigongyu/29703140070075x.shtml
【合租】北苑 清友园 4室次卧,清友园,3290,http://bj.58.com/pinpaigongyu/29164571505591x.shtml
【合租】惠新西街 惠新西街33号院 4室主卧,惠新西街33号院,2250,http://bj.58.com/pinpaigongyu/29627449369543x.shtml
【合租】回龙观 南店新村 3室次卧,南店新村,1850,http://bj.58.com/pinpaigongyu/29285020625578x.shtml
【合租】定福庄 管庄新村 3室次卧,管庄新村,1990,http://bj.58.com/pinpaigongyu/29459261944003x.shtml
【合租】马连道 建茗园 3室主卧,建茗园,2000,http://bj.58.com/pinpaigongyu/29691441654477x.shtml
【合租】天竺 翠竹新村 3室主卧,翠竹新村,2000,http://bj.58.com/pinpaigongyu/29669606129715x.shtml
【合租】回龙观 良庄家园 4室主卧,良庄家园,2100,http://bj.58.com/pinpaigongyu/29625281780779x.shtml
【合租】西北旺 大牛坊二期 3室主卧,大牛坊二期,1700,http://bj.58.com/pinpaigongyu/29303784301382x.shtml
【合租】龙泽 融泽嘉园一号院 2室主卧,融泽嘉园一号院,1980,http://bj.58.com/pinpaigongyu/29558392242347x.shtml
【合租】天通苑 蕴实园 3室次卧,蕴实园,1950,http://bj.58.com/pinpaigongyu/29638645018570x.shtml
【合租】西北旺 大牛坊 3室次卧,大牛坊,1400,http://bj.58.com/pinpaigongyu/29359837725504x.shtml
【合租】东坝 金隅汇景苑 3室次卧,金隅汇景苑,1650,http://bj.58.com/pinpaigongyu/29569258358461x.shtml
【合租】东坝 金泰丽富 2室主卧,金泰丽富,1600,http://bj.58.com/pinpaigongyu/29647787323825x.shtml
【合租】九棵树 K2玉兰湾 5室次卧,K2玉兰湾,2000,http://bj.58.com/pinpaigongyu/29679857705656x.shtml
【合租】龙泽 融泽嘉园2号院 1室主卧,融泽嘉园2号院,2280,http://bj.58.com/pinpaigongyu/29452049273284x.shtml
【合租】西二旗 融泽嘉园8号院 2室主卧,融泽嘉园8号院,2080,http://bj.58.com/pinpaigongyu/29557998366142x.shtml
【合租】土桥 新城乐居北区 3室次卧,新城乐居北区,1500,http://bj.58.com/pinpaigongyu/29639009254339x.shtml
【合租】回龙观 良庄家园 4室主卧,良庄家园,2100,http://bj.58.com/pinpaigongyu/29625281780779x.shtml
【合租】田村 西四环北路小区 3室次卧,西四环北路小区,3050,http://bj.58.com/pinpaigongyu/29481827926708x.shtml
【合租】双桥 艺水芳园 3室主卧,艺水芳园,1750,http://bj.58.com/pinpaigongyu/29748229647535x.shtml
【合租】回龙观 良庄家园 4室主卧,良庄家园,1850,http://bj.58.com/pinpaigongyu/29294220484548x.shtml
【合租】西二旗 领袖新硅谷 3室次卧,领袖新硅谷,2140,http://bj.58.com/pinpaigongyu/28787090973737x.shtml
【合租】清河 宝盛里 3室主卧,宝盛里,2490,http://bj.58.com/pinpaigongyu/29683746826692x.shtml
【合租】四惠 通惠家园惠民园 4室主卧,通惠家园惠民园,3390,http://bj.58.com/pinpaigongyu/29459740008881x.shtml
【合租】上地 上地东里 3室次卧,上地东里,2480,http://bj.58.com/pinpaigongyu/29617624159038x.shtml
【合租】潘家园 松榆东里 3室主卧,松榆东里,2500,http://bj.58.com/pinpaigongyu/29174309643087x.shtml
【合租】常营 连心园 3室次卧,连心园,2390,http://bj.58.com/pinpaigongyu/29393372237371x.shtml
【合租】土桥 新城乐居北区 3室次卧,新城乐居北区,1500,http://bj.58.com/pinpaigongyu/29639009254339x.shtml
【合租】芍药居 芍药居5号院 4室次卧,芍药居5号院,2350,http://bj.58.com/pinpaigongyu/29661778851115x.shtml
【合租】西北旺 秋露园 3室主卧,秋露园,2890,http://bj.58.com/pinpaigongyu/29527207188158x.shtml
【合租】龙泽 融泽嘉园2号院 3室次卧,融泽嘉园2号院,1880,http://bj.58.com/pinpaigongyu/29604314136519x.shtml
【合租】龙泽 融泽嘉园一号院 3室次卧,融泽嘉园一号院,1880,http://bj.58.com/pinpaigongyu/29724227551680x.shtml
【合租】西北旺 大牛坊二期 3室主卧,大牛坊二期,1500,http://bj.58.com/pinpaigongyu/29604371655620x.shtml
【合租】肖家河 肖家河回迁住宅( 3室主卧,肖家河回迁住宅(,2400,http://bj.58.com/pinpaigongyu/29494059782966x.shtml
【合租】龙泽 融泽嘉园2号院 3室主卧,融泽嘉园2号院,2180,http://bj.58.com/pinpaigongyu/29723884233536x.shtml
【合租】芍药居 芍药居1号院 2室主卧,芍药居1号院,2800,http://bj.58.com/pinpaigongyu/29735222282560x.shtml
【合租】西二旗 回龙观新村西区 3室次卧,回龙观新村西区,1880,http://bj.58.com/pinpaigongyu/29606379883694x.shtml
【合租】回龙观 云趣园一区 4室主卧,云趣园一区,2780,http://bj.58.com/pinpaigongyu/29319707953352x.shtml
【合租】霍营 龙锦苑东四区 3室主卧,龙锦苑东四区,2260,http://bj.58.com/pinpaigongyu/29570162756917x.shtml
【合租】回龙观 龙跃苑东五区 3室次卧,龙跃苑东五区,2000,http://bj.58.com/pinpaigongyu/29251869938619x.shtml
【合租】四惠 通惠家园惠生园 3室主卧,通惠家园惠生园,3190,http://bj.58.com/pinpaigongyu/29459236259140x.shtml
【合租】霍营 紫金新干线 3室主卧,紫金新干线,1699,http://bj.58.com/pinpaigongyu/29746878795321x.shtml
【合租】上地 上第MOMA 3室次卧,上第MOMA,2550,http://bj.58.com/pinpaigongyu/29186299696067x.shtml
【合租】常营 北辰福第中区 3室次卧,北辰福第中区,2530,http://bj.58.com/pinpaigongyu/29393751397035x.shtml
【合租】回龙观 新龙城二期 3室主卧,新龙城二期,2680,http://bj.58.com/pinpaigongyu/29461775407433x.shtml
【合租】回龙观 龙禧苑一区 4室次卧,龙禧苑一区,2190,http://bj.58.com/pinpaigongyu/29319736229294x.shtml
【合租】龙泽 龙泽苑西区 3室次卧,龙泽苑西区,1860,http://bj.58.com/pinpaigongyu/29570534575556x.shtml
【合租】马连洼 圆明园西路小区 3室次卧,圆明园西路小区,2400,http://bj.58.com/pinpaigongyu/29514292459706x.shtml
【合租】中仓 西营前街小区 3室主卧,西营前街小区,1100,http://bj.58.com/pinpaigongyu/29438138117290x.shtml
【合租】西北旺 大牛坊二期 3室主卧,大牛坊二期,1800,http://bj.58.com/pinpaigongyu/29472721029690x.shtml
【合租】亚运村小营 嘉铭园 3室次卧,嘉铭园,2099,http://bj.58.com/pinpaigongyu/29695916811061x.shtml
【合租】亚运村小营 凯旋城 2室次卧,凯旋城,2400,http://bj.58.com/pinpaigongyu/29447544388550x.shtml
【合租】西二旗 融泽嘉园8号院 3室次卧,融泽嘉园8号院,1880,http://bj.58.com/pinpaigongyu/29702947284796x.shtml
【合租】西北旺 大牛坊二期 3室主卧,大牛坊二期,1890,http://bj.58.com/pinpaigongyu/29339005416620x.shtml
【合租】常营 慧合公寓 3室主卧,【合租】常营,2060,http://bj.58.com/pinpaigongyu/29173370560463x.shtml
【合租】龙泽 融泽嘉园2号院 3室次卧,融泽嘉园2号院,1880,http://bj.58.com/pinpaigongyu/29635735243574x.shtml
【合租】望京 望京花园东区 3室主卧,望京花园东区,2360,http://bj.58.com/pinpaigongyu/29695232973000x.shtml
【合租】上地 上第MOMA 3室次卧,上第MOMA,2550,http://bj.58.com/pinpaigongyu/29186299696067x.shtml
【合租】常营 北辰福第中区 3室次卧,北辰福第中区,2530,http://bj.58.com/pinpaigongyu/29393751397035x.shtml
【合租】回龙观 新龙城二期 3室主卧,新龙城二期,2680,http://bj.58.com/pinpaigongyu/29461775407433x.shtml
【合租】回龙观 龙禧苑一区 4室次卧,龙禧苑一区,2190,http://bj.58.com/pinpaigongyu/29319736229294x.shtml
【合租】龙泽 龙泽苑西区 3室次卧,龙泽苑西区,1860,http://bj.58.com/pinpaigongyu/29570534575556x.shtml
【合租】宋家庄 怡和世家 3室次卧,怡和世家,2790,http://bj.58.com/pinpaigongyu/29164502396475x.shtml
【合租】霍营 龙锦苑东四区 3室次卧,龙锦苑东四区,1500,http://bj.58.com/pinpaigongyu/29747214012477x.shtml
【合租】北苑 绣菊园 3室次卧,绣菊园,2180,http://bj.58.com/pinpaigongyu/29440708997556x.shtml
【合租】马连道 建茗园 3室次卧,建茗园,2190,http://bj.58.com/pinpaigongyu/29691517569454x.shtml
【合租】上地 和韵家园 3室次卧,和韵家园,1690,http://bj.58.com/pinpaigongyu/29317641791681x.shtml
【合租】亚运村小营 嘉铭园 3室次卧,嘉铭园,2150,http://bj.58.com/pinpaigongyu/29658504529449x.shtml
【合租】西二旗 融泽嘉园8号院 3室主卧,融泽嘉园8号院,2080,http://bj.58.com/pinpaigongyu/29551935422265x.shtml
【合租】东坝 金隅汇景苑 3室次卧,金隅汇景苑,1460,http://bj.58.com/pinpaigongyu/29569422693829x.shtml
【合租】温泉 环保嘉苑 3室主卧,环保嘉苑,2090,http://bj.58.com/pinpaigongyu/28744115834684x.shtml
【合租】西二旗 融泽嘉园8号院 3室主卧,融泽嘉园8号院,2480,http://bj.58.com/pinpaigongyu/29704725177413x.shtml
【合租】龙泽 融泽嘉园2号院 3室主卧,融泽嘉园2号院,1890,http://bj.58.com/pinpaigongyu/29392551267520x.shtml
【合租】西北旺 大牛坊二期 3室主卧,大牛坊二期,1890,http://bj.58.com/pinpaigongyu/28931380615094x.shtml
【合租】西北旺 大牛坊一期 3室主卧,大牛坊一期,1800,http://bj.58.com/pinpaigongyu/29447946469441x.shtml
【合租】龙泽 融泽嘉园一号院 2室主卧,融泽嘉园一号院,2080,http://bj.58.com/pinpaigongyu/29626946361165x.shtml
【合租】龙泽 融泽嘉园2号院 2室次卧,融泽嘉园2号院,1980,http://bj.58.com/pinpaigongyu/29591728355114x.shtml
【合租】四惠 力源里小区 4室次卧,力源里小区,1980,http://bj.58.com/pinpaigongyu/29627000928065x.shtml
【合租】亚运村小营 嘉铭园 3室次卧,嘉铭园,3060,http://bj.58.com/pinpaigongyu/29293542571213x.shtml
【合租】西二旗 融泽嘉园6号院 3室次卧,融泽嘉园6号院,2250,http://bj.58.com/pinpaigongyu/29260754288970x.shtml
【合租】望京 花家地北里 3室主卧,花家地北里,2640,http://bj.58.com/pinpaigongyu/29473046627257x.shtml
【合租】回龙观 新龙城 3室主卧,新龙城,1900,http://bj.58.com/pinpaigongyu/29713579370559x.shtml
【合租】清河 清缘里中区 3室次卧,清缘里中区,1650,http://bj.58.com/pinpaigongyu/29395787417413x.shtml
【合租】朝青板块 珠江罗马嘉园二期 3室次卧,珠江罗马嘉园二期,2450,http://bj.58.com/pinpaigongyu/29472504065080x.shtml
【合租】望京 精英家园 4室主卧,精英家园,2360,http://bj.58.com/pinpaigongyu/29393737008692x.shtml
【合租】天通苑 天通苑东一区 4室次卧,天通苑东一区,1980,http://bj.58.com/pinpaigongyu/29474522328769x.shtml
【合租】大望路 珠江帝景 5室次卧,珠江帝景,3480,http://bj.58.com/pinpaigongyu/29671023811383x.shtml
【合租】惠新西街 小关北里 3室次卧,小关北里,1700,http://bj.58.com/pinpaigongyu/29525048166848x.shtml
【合租】物资学院路 新建村 2室主卧,新建村,2080,http://bj.58.com/pinpaigongyu/29595157805643x.shtml
【合租】龙泽 融泽嘉园2号院 3室次卧,融泽嘉园2号院,1980,http://bj.58.com/pinpaigongyu/29728988785094x.shtml
【合租】西二旗 融泽嘉园8号院 3室次卧,融泽嘉园8号院,1980,http://bj.58.com/pinpaigongyu/29447639839182x.shtml
【合租】武夷花园 京贸国际城 4室次卧,京贸国际城,1750,http://bj.58.com/pinpaigongyu/29420009464751x.shtml
【合租】亚运村 安慧北里逸园 2室主卧,安慧北里逸园,2700,http://bj.58.com/pinpaigongyu/29484705676233x.shtml
【合租】肖家河 肖家河回迁住宅( 3室主卧,肖家河回迁住宅(,2400,http://bj.58.com/pinpaigongyu/29595977789499x.shtml
【合租】高碑店 北花园 3室主卧,北花园,2300,http://bj.58.com/pinpaigongyu/29746572129086x.shtml
【合租】望京 望京西园三区 4室主卧,望京西园三区,3400,http://bj.58.com/pinpaigongyu/29439549753260x.shtml
【合租】亚运村小营 嘉铭桐城E区 2室主卧,嘉铭桐城E区,6600,http://bj.58.com/pinpaigongyu/29682512513999x.shtml
【合租】天通苑 天通苑东一区 4室次卧,天通苑东一区,1980,http://bj.58.com/pinpaigongyu/29474522328769x.shtml
【合租】大望路 珠江帝景 5室次卧,珠江帝景,3480,http://bj.58.com/pinpaigongyu/29671023811383x.shtml
【合租】回龙观 紫金新干线四区 3室主卧,紫金新干线四区,1799,http://bj.58.com/pinpaigongyu/29646723619509x.shtml
【合租】高碑店 兴隆家园北区 4室次卧,兴隆家园北区,1990,http://bj.58.com/pinpaigongyu/29649785863345x.shtml
【合租】回龙观 首开智慧社 3室次卧,首开智慧社,2160,http://bj.58.com/pinpaigongyu/29251365515338x.shtml
【合租】成寿寺 中海城圣朝菲 4室次卧,中海城圣朝菲,2290,http://bj.58.com/pinpaigongyu/29393613904066x.shtml
【合租】崇文门 国瑞城 5室次卧,国瑞城,4470,http://bj.58.com/pinpaigongyu/29716037197611x.shtml
【合租】回龙观 龙腾苑二区 4室主卧,龙腾苑二区,2680,http://bj.58.com/pinpaigongyu/29541424060613x.shtml
【合租】物资学院路 新建村 3室主卧,新建村,1900,http://bj.58.com/pinpaigongyu/29747069368505x.shtml
【合租】惠新西街 樱花园 3室次卧,樱花园,2080,http://bj.58.com/pinpaigongyu/29680653888957x.shtml
【合租】西二旗 融泽嘉园8号院 3室次卧,融泽嘉园8号院,1980,http://bj.58.com/pinpaigongyu/29447639839182x.shtml
【合租】武夷花园 京贸国际城 4室次卧,京贸国际城,1750,http://bj.58.com/pinpaigongyu/29420009464751x.shtml
【合租】亚运村 安慧北里逸园 2室主卧,安慧北里逸园,2700,http://bj.58.com/pinpaigongyu/29484705676233x.shtml
【合租】肖家河 肖家河回迁住宅( 3室主卧,肖家河回迁住宅(,2400,http://bj.58.com/pinpaigongyu/29595977789499x.shtml
【合租】高碑店 北花园 3室主卧,北花园,2300,http://bj.58.com/pinpaigongyu/29746572129086x.shtml
【合租】望京 望京西园三区 4室主卧,望京西园三区,3400,http://bj.58.com/pinpaigongyu/29439549753260x.shtml
【合租】亚运村小营 嘉铭桐城E区 2室主卧,嘉铭桐城E区,6600,http://bj.58.com/pinpaigongyu/29682512513999x.shtml
【合租】西北旺 大牛坊二期 3室主卧,大牛坊二期,1700,http://bj.58.com/pinpaigongyu/29417036591423x.shtml
【合租】芍药居 芍药居北里小区 3室主卧,芍药居北里小区,3500,http://bj.58.com/pinpaigongyu/29724418452936x.shtml
【合租】西北旺 大牛坊二期 3室主卧,大牛坊二期,1890,http://bj.58.com/pinpaigongyu/28931083709518x.shtml
【合租】回龙观 龙腾苑二区 4室主卧,龙腾苑二区,2680,http://bj.58.com/pinpaigongyu/29541424060613x.shtml
【合租】物资学院路 新建村 3室主卧,新建村,1900,http://bj.58.com/pinpaigongyu/29747069368505x.shtml
【合租】惠新西街 樱花园 3室次卧,樱花园,2080,http://bj.58.com/pinpaigongyu/29680653888957x.shtml
【合租】回龙观 天巢园 3室次卧,天巢园,2290,http://bj.58.com/pinpaigongyu/29459269509837x.shtml
【合租】百子湾 阳光家园(朝阳) 3室次卧,阳光家园(朝阳),1980,http://bj.58.com/pinpaigongyu/29294866944045x.shtml
【合租】回龙观 紫金新干线四区 3室主卧,紫金新干线四区,1780,http://bj.58.com/pinpaigongyu/29284499447626x.shtml
【合租】上地 怡美家园 3室主卧,怡美家园,3000,http://bj.58.com/pinpaigongyu/29669660177206x.shtml
【合租】回龙观 龙腾苑六区 3室主卧,龙腾苑六区,2360,http://bj.58.com/pinpaigongyu/29573200421449x.shtml
【合租】花家地 花家地西里 4室主卧,花家地西里,2460,http://bj.58.com/pinpaigongyu/29482778961066x.shtml
【合租】管庄 瑞祥里小区 3室次卧,瑞祥里小区,2160,http://bj.58.com/pinpaigongyu/29473476569646x.shtml
【合租】龙泽 融泽嘉园2号院 3室次卧,融泽嘉园2号院,1950,http://bj.58.com/pinpaigongyu/29727780366027x.shtml
【合租】北苑 紫绶园 3室主卧,紫绶园,2700,http://bj.58.com/pinpaigongyu/29416201545526x.shtml
【合租】西二旗 融泽嘉园8号院 3室次卧,融泽嘉园8号院,2100,http://bj.58.com/pinpaigongyu/29439831734992x.shtml
【合租】龙泽 融泽嘉园一号院 3室主卧,融泽嘉园一号院,2180,http://bj.58.com/pinpaigongyu/29650588140852x.shtml
【合租】肖家河 肖家河回迁住宅( 3室主卧,肖家河回迁住宅(,2509,http://bj.58.com/pinpaigongyu/28950382780613x.shtml
【合租】马连洼 春晖园 3室主卧,春晖园,2390,http://bj.58.com/pinpaigongyu/29473370252726x.shtml
【合租】土桥 土桥puls 3室次卧,土桥puls,1700,http://bj.58.com/pinpaigongyu/29702140083010x.shtml
【合租】东坝 金隅汇景苑 3室主卧,金隅汇景苑,1760,http://bj.58.com/pinpaigongyu/29327763198253x.shtml
【合租】西二旗 融泽嘉园8号院 3室主卧,融泽嘉园8号院,2380,http://bj.58.com/pinpaigongyu/29690915103047x.shtml
【合租】西北旺 大牛坊一期 3室次卧,大牛坊一期,1480,http://bj.58.com/pinpaigongyu/29028758551741x.shtml
【合租】三元桥 霞光里小区 3室主卧,霞光里小区,2810,http://bj.58.com/pinpaigongyu/29682401674796x.shtml
【合租】广渠门 广渠门外大街 3室次卧,广渠门外大街,2920,http://bj.58.com/pinpaigongyu/29449920498638x.shtml
【合租】北苑 北苑2号院 3室主卧,北苑2号院,1950,http://bj.58.com/pinpaigongyu/29748630519599x.shtml
【合租】回龙观 新龙城二期 3室次卧,新龙城二期,1660,http://bj.58.com/pinpaigongyu/29469830135736x.shtml
【合租】机场 西平里 3室次卧,西平里,1850,http://bj.58.com/pinpaigongyu/29669608841920x.shtml
【合租】酒仙桥 驼房营南里 3室主卧,驼房营南里,1950,http://bj.58.com/pinpaigongyu/29747150741712x.shtml
【合租】新宫 翠海明苑 3室主卧,翠海明苑,2150,http://bj.58.com/pinpaigongyu/29574015620790x.shtml
【合租】望京 利泽西园 3室主卧,利泽西园,2470,http://bj.58.com/pinpaigongyu/29748419633579x.shtml
【合租】回龙观 紫金新干线四区 3室主卧,紫金新干线四区,1780,http://bj.58.com/pinpaigongyu/29704980214968x.shtml
【合租】龙泽 新龙城 3室次卧,新龙城,1760,http://bj.58.com/pinpaigongyu/29705244889153x.shtml
【合租】龙泽 融泽嘉园一号院 3室主卧,融泽嘉园一号院,2180,http://bj.58.com/pinpaigongyu/29650588140852x.shtml
【合租】肖家河 肖家河回迁住宅( 3室主卧,肖家河回迁住宅(,2509,http://bj.58.com/pinpaigongyu/28950382780613x.shtml
【合租】马连洼 春晖园 3室主卧,春晖园,2390,http://bj.58.com/pinpaigongyu/29473370252726x.shtml
【合租】土桥 土桥puls 3室次卧,土桥puls,1700,http://bj.58.com/pinpaigongyu/29702140083010x.shtml
【合租】东坝 金隅汇景苑 3室主卧,金隅汇景苑,1760,http://bj.58.com/pinpaigongyu/29327763198253x.shtml
【合租】西二旗 融泽嘉园8号院 3室主卧,融泽嘉园8号院,2380,http://bj.58.com/pinpaigongyu/29690915103047x.shtml
【合租】西北旺 大牛坊一期 3室次卧,大牛坊一期,1480,http://bj.58.com/pinpaigongyu/29028758551741x.shtml
【合租】石园 石园北区 3室主卧,石园北区,1450,http://bj.58.com/pinpaigongyu/29681915300033x.shtml
【合租】西北旺 大牛坊二期 3室次卧,大牛坊二期,1580,http://bj.58.com/pinpaigongyu/29197862258124x.shtml
【合租】梨园 小街之春嘉园 5室主卧,小街之春嘉园,1350,http://bj.58.com/pinpaigongyu/29646668465329x.shtml
【合租】望京 利泽西园 3室主卧,利泽西园,2470,http://bj.58.com/pinpaigongyu/29748419633579x.shtml
【合租】回龙观 紫金新干线四区 3室主卧,紫金新干线四区,1780,http://bj.58.com/pinpaigongyu/29704980214968x.shtml
【合租】龙泽 新龙城 3室次卧,新龙城,1760,http://bj.58.com/pinpaigongyu/29705244889153x.shtml
【合租】永顺 物资学院路 3室次卧,物资学院路,1800,http://bj.58.com/pinpaigongyu/29669612348364x.shtml
【合租】回龙观 回龙观新村中区 3室次卧,回龙观新村中区,2180,http://bj.58.com/pinpaigongyu/29669466166967x.shtml
【合租】宋家庄 怡和世家 3室次卧,怡和世家,2290,http://bj.58.com/pinpaigongyu/29441270871243x.shtml
【合租】清河 世华龙樾一里 3室次卧,世华龙樾一里,1750,http://bj.58.com/pinpaigongyu/29669769169972x.shtml
【合租】潘家园 建业苑 4室次卧,建业苑,2860,http://bj.58.com/pinpaigongyu/29705224230714x.shtml
【合租】和平里 和平里东街12号 3室次卧,和平里东街12号,3040,http://bj.58.com/pinpaigongyu/29704853379392x.shtml
【合租】太阳宫 万方景轩 3室主卧,万方景轩,2690,http://bj.58.com/pinpaigongyu/29574107962309x.shtml
【合租】龙泽 融泽嘉园6号院 3室次卧,融泽嘉园6号院,2180,http://bj.58.com/pinpaigongyu/29281590724661x.shtml
【合租】西北旺 大牛坊二期 3室主卧,大牛坊二期,1890,http://bj.58.com/pinpaigongyu/29737175979821x.shtml
【合租】双桥 朝阳旺角 3室主卧,朝阳旺角,2800,http://bj.58.com/pinpaigongyu/29669571634217x.shtml
【合租】次渠 次渠嘉园 3室次卧,次渠嘉园,1388,http://bj.58.com/pinpaigongyu/29329602271812x.shtml
【合租】双桥 朝阳旺角 3室主卧,朝阳旺角,2850,http://bj.58.com/pinpaigongyu/29502801976507x.shtml
【合租】龙泽 融泽嘉园2号院 3室次卧,融泽嘉园2号院,1950,http://bj.58.com/pinpaigongyu/29727780366027x.shtml
【合租】北苑 紫绶园 3室主卧,紫绶园,2700,http://bj.58.com/pinpaigongyu/29416201545526x.shtml
【合租】西二旗 融泽嘉园8号院 3室次卧,融泽嘉园8号院,2100,http://bj.58.com/pinpaigongyu/29439831734992x.shtml
【合租】龙泽 融泽嘉园一号院 3室主卧,融泽嘉园一号院,2180,http://bj.58.com/pinpaigongyu/29650588140852x.shtml
【合租】肖家河 肖家河回迁住宅( 3室主卧,肖家河回迁住宅(,2509,http://bj.58.com/pinpaigongyu/28950382780613x.shtml
